2024-01-16 22:24:25,207 owdata2.py started
2024-01-16 22:24:37,760 owdata2.py started
2024-01-17 17:09:33,707 Doorbell activated
2024-01-17 17:09:34,428 Doorbell activated
2024-01-17 17:09:35,525 Doorbell activated
2024-01-17 17:09:36,220 Doorbell activated
2024-01-17 17:09:38,987 Doorbell activated
2024-01-17 17:09:40,521 Doorbell activated
2024-01-17 17:10:33,811 Doorbell activated
2024-01-17 17:10:34,338 Doorbell activated
2024-01-17 17:10:35,496 Doorbell activated
2024-01-17 17:10:36,764 Doorbell activated
2024-01-17 17:10:37,647 Doorbell activated
2024-01-17 17:10:38,203 Doorbell activated
2024-01-17 17:10:38,807 Doorbell activated
2024-01-17 17:10:39,338 Doorbell activated
2024-01-17 17:10:41,194 Doorbell activated
2024-01-17 17:10:42,481 Doorbell activated
2024-01-17 17:10:43,030 Doorbell activated
2024-01-17 17:10:44,362 Doorbell activated
2024-01-17 17:10:46,628 Doorbell activated
2024-01-17 17:10:47,793 Doorbell activated
2024-01-17 17:10:49,824 Doorbell activated
2024-01-17 17:10:51,018 Doorbell activated
2024-01-17 17:10:53,034 Doorbell activated
2024-01-17 17:10:53,952 Doorbell activated
2024-01-17 17:10:54,539 Doorbell activated
2024-01-17 17:10:56,481 Doorbell activated
2024-01-17 17:12:32,089 Stolpe on
2024-01-17 17:12:36,743 Stolpe off
2024-01-17 17:12:37,508 Stolpe on
2024-01-17 17:52:39,365 Stolpe on
2024-01-17 17:53:24,454 Stolpe on
2024-01-18 09:56:48,324 Stolpe off
2024-01-18 09:59:03,203 Stolpe off
2024-01-18 09:59:11,426 Stolpe off
2024-01-18 10:00:04,083 Stolpe off
2024-01-18 10:13:57,670 Stolpe off
2024-01-18 10:18:15,508 Stolpe off
2024-01-18 10:18:19,598 Stolpe on
2024-01-18 10:18:20,339 Stolpe off
2024-01-18 10:27:26,032 Stolpe off
2024-01-18 10:27:31,665 Stolpe on
2024-01-18 10:27:32,585 Stolpe off
2024-01-18 10:27:47,323 Stolpe off
2024-01-18 10:29:03,735 Stolpe on
2024-01-18 10:29:04,533 Stolpe off
2024-01-18 10:29:07,446 Stolpe on
2024-01-18 10:29:07,942 Stolpe off
2024-01-18 10:30:13,677 stolpe off
2024-01-18 10:30:15,475 stolpe on
2024-01-18 10:30:17,312 stolpe off
2024-01-18 10:34:45,043 stolpe off
2024-01-18 10:34:45,093 vedbod off
2024-01-18 10:34:48,654 vedbod on
2024-01-18 10:34:48,658 vedbod on
2024-01-18 10:34:49,988 vedbod off
2024-01-18 10:34:49,992 vedbod off
2024-01-18 10:34:55,935 vedbod on
2024-01-18 10:34:55,944 vedbod on
2024-01-18 10:35:00,087 stolpe on
2024-01-18 10:35:00,111 stolpe on
2024-01-18 10:35:04,036 vedbod off
2024-01-18 10:35:04,040 vedbod off
2024-01-18 10:37:48,489 vedbod on
2024-01-18 10:37:48,493 vedbod on
2024-01-18 10:37:49,939 stolpe off
2024-01-18 10:37:49,944 stolpe off
2024-01-18 10:37:50,317 vedbod off
2024-01-18 10:37:50,321 vedbod off
2024-01-18 10:38:03,653 vedbod on
2024-01-18 10:38:03,656 vedbod on
2024-01-18 10:38:29,325 vedbod off
2024-01-18 10:38:29,328 vedbod off
2024-01-18 10:39:05,112 vedbod off
2024-01-18 10:39:05,115 stolpe off
2024-01-18 10:39:10,167 vedbod on
2024-01-18 10:39:10,175 vedbod on
2024-01-18 10:39:13,608 stolpe on
2024-01-18 10:39:13,611 stolpe on
2024-01-18 10:39:14,675 stolpe off
2024-01-18 10:39:14,679 stolpe off
2024-01-18 10:39:15,221 vedbod off
2024-01-18 10:39:15,229 vedbod off
2024-01-18 10:40:51,911 vedbodswitch:0 off
2024-01-18 10:40:51,953 stolpeswitch:0 off
2024-01-18 10:41:00,215 vedbodswitch:0 on
2024-01-18 10:41:00,220 vedbodrpc on
2024-01-18 10:41:34,781 stolpeswitch:0 off
2024-01-18 10:41:34,824 vedbodswitch:0 on
2024-01-18 10:41:51,548 vedbodswitch:0 off
2024-01-18 10:41:51,553 vedbodrpc off
2024-01-18 10:41:56,718 vedbodswitch:0 on
2024-01-18 10:41:56,721 vedbodrpc on
2024-01-18 10:41:58,171 vedbodswitch:0 off
2024-01-18 10:41:58,176 vedbodrpc off
2024-01-18 10:42:08,237 vedbodswitch:0 on
2024-01-18 10:42:08,241 vedbodrpc on
2024-01-18 10:43:03,236 vedbod rpc off
2024-01-18 10:43:03,980 vedbod rpc on
2024-01-18 10:43:05,293 vedbod rpc off
2024-01-18 10:43:05,737 vedbod rpc on
2024-01-18 10:43:06,451 vedbod rpc off
2024-01-18 10:43:06,817 vedbod rpc on
2024-01-18 10:43:07,597 vedbod rpc off
2024-01-18 10:43:07,948 vedbod rpc on
2024-01-18 10:44:02,610 vedbod switch:0 on
2024-01-18 10:44:02,653 stolpe switch:0 off
2024-01-18 10:44:08,275 vedbod switch:0 off
2024-01-18 10:44:08,279 vedbod rpc off
2024-01-18 10:44:20,354 stolpe switch:0 on
2024-01-18 10:44:20,361 stolpe rpc on
2024-01-18 13:54:31,199 vedbod switch:0 off
2024-01-18 13:54:31,281 stolpe switch:0 off
2024-01-18 13:54:37,879 vedbod switch:0 on
2024-01-18 13:54:37,884 vedbod rpc on
2024-01-18 13:54:38,889 vedbod switch:0 off
2024-01-18 13:54:38,894 vedbod rpc off
2024-01-18 13:54:40,341 stolpe switch:0 on
2024-01-18 13:54:40,345 stolpe rpc on
2024-01-18 13:54:40,972 stolpe switch:0 off
2024-01-18 13:54:40,978 stolpe rpc off
2024-01-18 13:54:42,011 stolpe switch:0 on
2024-01-18 13:54:42,015 stolpe rpc on
2024-01-18 13:54:42,627 stolpe switch:0 off
2024-01-18 13:54:42,630 stolpe rpc off
2024-01-18 13:54:43,404 vedbod switch:0 on
2024-01-18 13:54:43,407 vedbod rpc on
2024-01-18 13:54:43,955 vedbod switch:0 off
2024-01-18 13:54:43,959 vedbod rpc off
2024-01-18 14:15:57,947 stolpe switch:0 off
2024-01-18 14:15:57,955 vedbod switch:0 off
2024-01-18 17:03:55,083 vedbod rpc on
2024-01-18 17:03:55,087 vedbod switch:0 on
2024-01-18 17:06:55,109 stolpe rpc on
2024-01-18 17:06:55,112 stolpe switch:0 on
2024-01-19 14:34:39,417 vedbod switch:0 off
2024-01-19 14:34:39,435 stolpe switch:0 off
2024-01-19 14:50:56,013 vedbod switch:0 on
2024-01-19 14:50:56,017 vedbod rpc on
2024-01-19 14:50:57,623 vedbod switch:0 off
2024-01-19 14:50:57,627 vedbod rpc off
2024-01-19 14:50:58,802 stolpe switch:0 on
2024-01-19 14:50:58,806 stolpe rpc on
2024-01-19 14:50:59,531 stolpe switch:0 off
2024-01-19 14:50:59,533 stolpe rpc off
2024-01-21 22:45:23,065 vedbod switch:0 off
2024-01-21 22:45:23,071 stolpe switch:0 off
2024-01-21 22:45:31,357 Doorbell activated
2024-01-21 22:45:32,280 Doorbell activated
2024-01-21 22:45:33,048 Doorbell activated
2024-01-21 22:45:33,588 Doorbell activated
2024-01-21 22:45:34,110 Doorbell activated
2024-01-21 22:45:34,640 Doorbell activated
2024-01-21 22:45:35,197 Doorbell activated
2024-01-21 22:46:32,686 vedbod switch:0 off
2024-01-21 22:46:32,736 stolpe switch:0 off
2024-07-01 15:01:06,881 garage switch:0 off
2024-07-01 15:01:23,178 garage rpc on
2024-07-01 15:01:23,205 garage rpc off
2024-07-01 15:01:23,232 garage rpc on
2024-07-01 15:01:29,631 garage rpc off
2024-07-01 15:01:35,243 garage rpc on
2024-07-01 15:01:37,664 garage rpc off
2024-07-01 23:56:11,495 garage switch:0 off
2024-07-02 10:55:36,971 Doorbell activated
2024-07-02 11:16:36,493 Doorbell activated
2024-07-02 11:20:59,374 Doorbell activated
2024-07-02 11:28:31,644 Doorbell activated
2024-07-02 12:37:49,848 garage switch:0 off
2024-07-02 12:37:50,147 stolpe switch:0 off
2024-07-02 20:10:03,852 garage rpc on
2024-07-02 20:10:04,022 garage rpc off
2024-07-02 20:27:48,233 garage switch:0 off
2024-07-02 20:27:48,445 stolpe switch:0 off
2024-07-02 20:35:32,680 garage switch:0 off
2024-07-02 20:35:33,074 stolpe switch:0 off
2024-07-02 20:36:11,097 garage rpc on
2024-07-02 20:36:17,087 garage rpc off
2024-07-02 20:36:20,002 stolpe switch:0 on
2024-07-02 20:36:20,115 stolpe rpc on
2024-07-02 20:36:26,800 stolpe switch:0 off
2024-07-02 20:36:26,827 stolpe rpc off
2024-07-02 20:36:28,168 garage rpc on
2024-07-02 20:36:29,022 garage rpc off
2024-07-02 20:40:15,699 garage rpc on
2024-07-02 20:40:17,825 garage rpc off
2024-07-02 20:40:20,940 stolpe switch:0 on
2024-07-02 20:40:20,942 stolpe rpc on
2024-07-02 20:40:23,283 stolpe switch:0 off
2024-07-02 20:40:23,309 stolpe rpc off
2024-07-02 20:40:24,830 stolpe switch:0 on
2024-07-02 20:40:24,833 stolpe rpc on
2024-07-02 20:40:26,575 stolpe switch:0 off
2024-07-02 20:40:26,602 stolpe rpc off
2024-07-02 20:40:27,749 stolpe switch:0 on
2024-07-02 20:40:27,754 stolpe rpc on
2024-07-02 20:40:33,075 stolpe switch:0 off
2024-07-02 20:40:33,249 stolpe rpc off
2024-07-02 20:40:53,264 stolpe switch:0 on
2024-07-02 20:40:53,271 stolpe rpc on
2024-07-02 20:41:02,538 garage rpc on
2024-07-02 20:41:10,040 garage rpc off
2024-07-02 20:41:15,013 garage rpc on
2024-07-02 20:41:22,063 garage rpc off
2024-07-02 20:41:39,155 stolpe switch:0 off
2024-07-02 20:41:39,172 stolpe rpc off
2024-07-02 20:46:12,683 stolpe switch:0 on
2024-07-02 20:46:12,686 stolpe rpc on
2024-07-02 20:46:14,972 stolpe switch:0 off
2024-07-02 20:46:15,141 stolpe rpc off
2024-07-02 21:44:02,076 garage switch:0 off
2024-07-02 21:44:02,583 stolpe switch:0 off
2024-07-03 12:09:57,358 stolpe switch:0 on
2024-07-03 12:09:57,507 stolpe rpc on
2024-07-03 12:10:02,758 stolpe switch:0 off
2024-07-03 12:10:02,780 stolpe rpc off
2024-07-04 07:36:25,708 garage switch:0 off
2024-07-04 07:36:25,970 stolpe switch:0 off
2024-07-04 15:17:30,745 stolpe switch:0 off
2024-07-04 15:17:31,893 garage switch:0 off
2024-07-04 23:18:16,777 stolpe switch:0 off
2024-07-04 23:18:17,006 garage switch:0 off
2024-07-05 05:09:38,332 stolpe switch:0 off
2024-07-05 05:09:39,335 stolpe rpc off
2024-07-05 09:25:06,421 garage switch:0 off
2024-07-05 09:25:06,450 stolpe switch:0 off
2024-07-05 11:50:49,944 stolpe switch:0 off
2024-07-05 11:50:54,829 stolpe rpc off
2024-07-05 17:17:25,691 stolpe switch:0 off
2024-07-05 17:17:28,620 garage switch:0 off
2024-07-06 10:40:35,565 vedbod switch:0 off
2024-07-06 10:40:35,574 stolpe switch:0 off
2024-07-06 10:40:38,787 garage switch:0 off
2024-07-06 18:56:15,404 stolpe switch:0 off
2024-07-06 18:56:15,476 vedbod switch:0 off
2024-07-06 18:56:16,825 garage switch:0 off
2024-07-07 11:37:41,373 garage switch:0 off
2024-07-07 11:37:41,410 stolpe switch:0 off
2024-07-07 11:37:41,416 vedbod switch:0 off
2024-07-07 16:59:24,787 stolpe switch:0 off
2024-07-07 16:59:24,792 vedbod switch:0 off
2024-07-07 16:59:24,834 garage switch:0 off
2024-07-07 21:44:22,680 stolpe switch:0 off
2024-07-07 21:44:22,712 garage switch:0 off
2024-07-07 21:44:22,758 vedbod switch:0 off
2024-07-07 23:34:25,351 stolpe switch:0 off
2024-07-07 23:34:25,359 stolpe rpc off
2024-07-08 05:17:26,784 vedbod switch:0 off
2024-07-08 05:17:26,789 stolpe switch:0 off
2024-07-08 05:17:27,229 garage switch:0 off
2024-07-08 10:09:39,299 stolpe switch:0 off
2024-07-08 10:09:39,313 stolpe rpc off
2024-07-08 18:43:05,531 garage switch:0 off
2024-07-08 18:43:05,585 stolpe switch:0 off
2024-07-08 18:43:05,587 vedbod switch:0 off
2024-07-09 00:04:38,755 stolpe switch:0 on
2024-07-09 00:04:38,761 stolpe rpc on
2024-07-09 00:04:44,364 stolpe switch:0 off
2024-07-09 00:04:44,370 stolpe rpc off
2024-07-09 01:48:48,567 stolpe switch:0 off
2024-07-09 01:48:48,570 vedbod switch:0 off
2024-07-09 01:48:48,573 garage switch:0 off
2024-07-09 08:17:25,931 stolpe switch:0 off
2024-07-09 08:17:25,938 vedbod switch:0 off
2024-07-09 08:17:27,322 garage switch:0 off
2024-07-09 14:17:27,149 stolpe switch:0 off
2024-07-09 14:17:27,157 vedbod switch:0 off
2024-07-09 14:17:30,307 garage switch:0 on
2024-07-09 16:02:09,183 vedbod switch:0 off
2024-07-09 16:02:09,188 stolpe switch:0 off
2024-07-09 16:02:10,165 garage switch:0 on
2024-07-09 16:16:55,695 stolpe switch:0 off
2024-07-09 16:16:55,706 vedbod switch:0 off
2024-07-09 16:16:55,709 garage switch:0 on
2024-07-09 16:21:52,625 garage switch:0 on
2024-07-09 16:21:52,628 stolpe switch:0 off
2024-07-09 16:21:52,631 vedbod switch:0 off
2024-07-09 18:18:44,122 garage rpc off
2024-07-09 20:17:27,854 stolpe switch:0 off
2024-07-09 20:17:27,900 vedbod switch:0 off
2024-07-09 20:17:29,255 garage switch:0 off
2024-07-10 03:27:13,530 stolpe switch:0 off
2024-07-10 03:27:13,582 vedbod switch:0 off
2024-07-10 03:27:15,412 garage switch:0 off
2024-07-10 15:16:22,182 stolpe switch:0 off
2024-07-10 15:16:22,186 vedbod switch:0 off
2024-07-10 15:16:23,547 garage switch:0 off
2024-07-10 16:17:26,545 stolpe switch:0 off
2024-07-10 16:17:26,550 vedbod switch:0 off
2024-07-10 16:17:27,007 garage switch:0 off
2024-07-11 06:47:40,722 garage switch:0 off
2024-07-11 06:47:40,725 stolpe switch:0 off
2024-07-11 06:47:40,727 vedbod switch:0 off
2024-07-11 10:46:53,758 vedbod switch:0 on
2024-07-11 10:46:53,762 vedbod rpc on
2024-07-11 10:46:55,893 vedbod switch:0 off
2024-07-11 10:46:55,902 vedbod rpc off
2024-07-11 10:46:59,796 garage rpc on
2024-07-11 10:47:02,201 garage rpc off
2024-07-11 10:47:04,902 garage rpc on
2024-07-11 10:47:06,188 garage rpc off
2024-07-11 10:47:08,540 stolpe switch:0 on
2024-07-11 10:47:08,543 stolpe rpc on
2024-07-11 10:47:10,203 stolpe switch:0 off
2024-07-11 10:47:10,226 stolpe rpc off
2024-07-11 10:47:13,521 vedbod switch:0 on
2024-07-11 10:47:13,525 vedbod rpc on
2024-07-11 10:47:18,040 vedbod switch:0 off
2024-07-11 10:47:18,044 vedbod rpc off
2024-07-11 18:24:26,327 garage switch:0 on
2024-07-11 18:24:26,385 vedbod switch:0 off
2024-07-11 18:24:26,388 stolpe switch:0 off
2024-07-11 23:39:55,530 stolpe switch:0 on
2024-07-11 23:39:55,582 vedbod switch:0 off
2024-07-11 23:39:55,976 garage switch:0 off
2024-07-12 00:49:20,144 stolpe switch:0 off
2024-07-12 00:49:20,153 vedbod switch:0 off
2024-07-12 00:49:20,174 garage switch:0 off
2024-07-12 07:48:03,855 stolpe switch:0 off
2024-07-12 07:48:03,908 vedbod switch:0 off
2024-07-12 07:48:05,237 garage switch:0 off
2024-07-12 10:18:50,377 stolpe switch:0 off
2024-07-12 10:18:50,380 vedbod switch:0 off
2024-07-12 10:18:50,382 garage switch:0 off
2024-07-12 10:53:45,003 stolpe switch:0 off
2024-07-12 10:53:45,019 vedbod switch:0 off
2024-07-12 10:53:45,390 garage switch:0 off
2024-07-12 12:34:12,459 garage switch:0 off
2024-07-12 12:34:12,461 stolpe switch:0 off
2024-07-12 12:34:12,465 vedbod switch:0 off
2024-07-12 18:12:53,897 vedbod switch:0 off
2024-07-12 18:12:54,016 stolpe switch:0 off
2024-07-12 19:39:11,027 garage switch:0 off
2024-07-12 19:39:11,031 garage rpc off
2024-07-13 00:17:26,543 vedbod switch:0 off
2024-07-13 00:17:26,552 stolpe switch:0 off
2024-07-13 00:17:29,847 garage switch:0 off
2024-07-13 07:41:18,908 garage switch:0 off
2024-07-13 07:41:18,989 stolpe switch:0 off
2024-07-13 07:41:18,996 vedbod switch:0 off
2024-07-13 11:30:20,916 stolpe switch:0 off
2024-07-13 11:30:20,920 vedbod switch:0 off
2024-07-13 11:30:21,255 garage switch:0 off
2024-07-13 11:30:21,399 stolpe switch:0 off
2024-07-13 11:30:21,406 vedbod switch:0 off
2024-07-13 11:30:21,556 garage switch:0 off
2024-07-13 11:30:25,118 garage switch:0 off
2024-07-13 11:30:25,121 stolpe switch:0 off
2024-07-13 11:30:25,123 vedbod switch:0 off
2024-07-13 11:48:46,640 stolpe switch:0 off
2024-07-13 11:48:46,647 vedbod switch:0 off
2024-07-13 11:48:47,075 garage switch:0 off
2024-07-13 13:38:27,372 vedbod switch:0 off
2024-07-13 13:38:27,784 garage switch:0 off
2024-07-13 13:38:28,200 stolpe switch:0 off
2024-07-13 15:18:42,263 stolpe switch:0 off
2024-07-13 15:18:42,267 stolpe rpc off
2024-07-13 19:46:48,055 stolpe switch:0 off
2024-07-13 19:46:48,060 vedbod switch:0 off
2024-07-13 19:46:48,541 garage switch:0 off
2024-07-14 02:35:41,825 stolpe switch:0 off
2024-07-14 02:35:41,874 vedbod switch:0 off
2024-07-14 02:35:45,035 garage switch:0 off
2024-07-14 09:42:52,443 garage switch:0 off
2024-07-14 09:42:52,450 vedbod switch:0 off
2024-07-14 09:42:52,455 stolpe switch:0 off
2024-07-14 16:17:32,374 stolpe switch:0 off
2024-07-14 16:17:32,421 vedbod switch:0 off
2024-07-14 16:17:35,615 garage switch:0 off
2024-07-14 16:19:11,709 stolpe switch:0 off
2024-07-14 16:19:11,721 stolpe rpc off
2024-07-14 20:33:00,159 vedbod switch:0 off
2024-07-14 20:33:00,164 stolpe switch:0 off
2024-07-14 20:33:00,547 garage switch:0 off
2024-07-15 02:40:56,839 vedbod switch:0 off
2024-07-15 02:40:56,845 stolpe switch:0 off
2024-07-15 02:40:56,893 garage switch:0 off
2024-07-15 08:17:26,806 vedbod switch:0 off
2024-07-15 08:17:26,858 garage switch:0 off
2024-07-15 08:17:26,861 stolpe switch:0 off
2024-07-15 19:43:08,141 garage switch:0 on
2024-07-15 19:43:08,149 stolpe switch:0 off
2024-07-15 19:43:08,152 vedbod switch:0 off
2024-07-15 19:43:10,981 garage rpc off
2024-07-15 19:17:25,502 stolpe switch:0 off
2024-07-15 19:17:25,532 vedbod switch:0 off
2024-07-15 19:17:26,111 garage switch:0 off
2024-07-16 02:29:17,982 garage switch:0 off
2024-07-16 02:29:17,996 stolpe switch:0 off
2024-07-16 02:29:18,011 vedbod switch:0 off
2024-07-16 10:17:28,015 stolpe switch:0 off
2024-07-16 10:17:28,020 vedbod switch:0 off
2024-07-16 10:17:28,482 garage switch:0 off
2024-07-16 11:50:36,938 garage rpc on
2024-07-16 11:50:39,228 garage rpc off
2024-07-16 15:39:14,331 stolpe switch:0 off
2024-07-16 15:39:14,364 garage switch:0 off
2024-07-16 15:39:14,371 vedbod switch:0 off
2024-07-16 18:16:43,991 stolpe switch:0 off
2024-07-16 18:16:43,995 vedbod switch:0 off
2024-07-16 18:16:45,375 garage switch:0 off
2024-07-16 19:59:38,239 garage switch:0 off
2024-07-16 19:59:38,245 vedbod switch:0 off
2024-07-16 19:59:38,407 stolpe switch:0 off
2024-07-16 21:35:08,493 garage switch:0 off
2024-07-16 21:35:08,528 vedbod switch:0 off
2024-07-16 21:35:08,532 stolpe switch:0 off
2024-07-17 04:17:27,470 garage switch:0 off
2024-07-17 04:17:27,474 stolpe switch:0 off
2024-07-17 04:17:27,480 vedbod switch:0 off
2024-07-17 16:39:37,741 stolpe switch:0 off
2024-07-17 16:39:37,757 vedbod switch:0 off
2024-07-17 16:39:38,091 garage switch:0 off
2024-07-17 22:34:22,422 stolpe switch:0 off
2024-07-17 22:34:22,428 garage switch:0 off
2024-07-17 22:34:22,499 vedbod switch:0 off
2024-07-18 00:45:56,883 stolpe switch:0 off
2024-07-18 00:45:56,891 stolpe rpc off
2024-07-18 05:36:38,720 vedbod switch:0 off
2024-07-18 05:36:38,726 stolpe switch:0 off
2024-07-18 05:36:39,759 garage switch:0 off
2024-07-18 11:46:12,409 garage switch:0 off
2024-07-18 11:46:12,414 stolpe switch:0 off
2024-07-18 11:46:12,426 vedbod switch:0 off
2024-07-18 14:33:23,127 garage rpc off
2024-07-18 18:23:42,728 garage switch:0 off
2024-07-18 18:23:42,749 stolpe switch:0 off
2024-07-18 18:23:42,754 vedbod switch:0 off
2024-07-19 08:17:26,802 garage switch:0 off
2024-07-19 08:17:26,860 stolpe switch:0 off
2024-07-19 08:17:26,865 vedbod switch:0 off
2024-07-19 14:54:28,025 vedbod switch:0 off
2024-07-19 14:54:28,035 stolpe switch:0 off
2024-07-19 14:54:29,371 garage switch:0 off
2024-07-19 19:57:08,565 garage switch:0 off
2024-07-19 19:57:08,616 stolpe switch:0 off
2024-07-19 19:57:08,633 vedbod switch:0 off
2024-07-20 01:25:55,235 stolpe switch:0 off
2024-07-20 01:25:55,244 vedbod switch:0 off
2024-07-20 01:26:01,916 garage switch:0 off
2024-07-20 09:17:27,523 garage switch:0 off
2024-07-20 09:17:27,529 stolpe switch:0 off
2024-07-20 09:17:27,531 vedbod switch:0 off
2024-07-20 16:17:26,994 garage switch:0 off
2024-07-20 16:17:27,038 stolpe switch:0 off
2024-07-20 16:17:27,042 vedbod switch:0 off
2024-07-21 07:17:27,234 garage switch:0 off
2024-07-21 07:17:27,251 stolpe switch:0 off
2024-07-21 07:17:27,258 vedbod switch:0 off
2024-07-21 20:17:26,976 garage switch:0 off
2024-07-21 20:17:27,013 stolpe switch:0 off
2024-07-21 20:17:27,017 vedbod switch:0 off
2024-07-22 03:17:26,762 garage switch:0 off
2024-07-22 03:17:26,766 vedbod switch:0 off
2024-07-22 03:17:26,768 stolpe switch:0 off
2024-07-23 00:17:26,924 garage switch:0 off
2024-07-23 00:17:26,940 stolpe switch:0 off
2024-07-23 00:17:26,962 vedbod switch:0 off
2024-07-23 07:20:08,934 stolpe switch:0 off
2024-07-23 07:20:08,937 vedbod switch:0 off
2024-07-23 07:20:08,958 garage switch:0 off
2024-07-23 14:44:14,955 stolpe switch:0 off
2024-07-23 14:44:14,992 vedbod switch:0 off
2024-07-23 14:44:16,306 garage switch:0 off
2024-07-24 03:45:58,235 stolpe switch:0 off
2024-07-24 03:45:58,240 vedbod switch:0 off
2024-07-24 03:45:58,520 garage switch:0 off
2024-07-24 16:17:27,835 stolpe switch:0 off
2024-07-24 16:17:27,850 vedbod switch:0 off
2024-07-24 16:17:28,890 garage switch:0 off
2024-07-24 22:20:38,204 garage switch:0 off
2024-07-24 22:20:38,251 stolpe switch:0 off
2024-07-24 23:55:39,247 vedbod switch:0 off
2024-07-24 23:55:39,338 vedbod rpc off
2024-07-25 06:17:26,866 garage switch:0 off
2024-07-25 06:17:26,875 stolpe switch:0 off
2024-07-25 06:17:26,877 vedbod switch:0 off
2024-07-25 12:51:12,137 vedbod switch:0 off
2024-07-25 12:51:12,142 stolpe switch:0 off
2024-07-25 12:51:12,146 garage switch:0 off
2024-07-25 18:26:18,134 stolpe switch:0 off
2024-07-25 18:26:18,143 vedbod switch:0 off
2024-07-25 18:26:18,431 garage switch:0 off
2024-07-26 00:41:16,144 stolpe switch:0 off
2024-07-26 00:41:16,196 vedbod switch:0 off
2024-07-26 00:41:16,199 garage switch:0 off
2024-07-26 07:17:26,491 stolpe switch:0 off
2024-07-26 07:17:26,496 vedbod switch:0 off
2024-07-26 07:17:27,853 garage switch:0 off
2024-07-26 16:18:37,852 vedbod switch:0 off
2024-07-26 16:18:37,858 stolpe switch:0 off
2024-07-26 16:18:39,232 garage switch:0 off
2024-07-26 16:27:53,176 vedbod switch:0 off
2024-07-26 16:27:53,179 stolpe switch:0 off
2024-07-26 16:27:53,775 garage switch:0 off
2024-07-26 16:29:49,366 stolpe switch:0 off
2024-07-26 16:29:49,424 vedbod switch:0 off
2024-07-26 16:29:50,055 garage switch:0 off
2024-07-26 17:38:38,381 stolpe switch:0 off
2024-07-26 17:38:38,387 vedbod switch:0 off
2024-07-26 17:38:38,827 garage switch:0 off
2024-07-26 19:32:56,853 stolpe switch:0 off
2024-07-26 19:32:56,857 stolpe rpc off
2024-07-26 22:17:26,396 stolpe switch:0 off
2024-07-26 22:17:26,411 vedbod switch:0 off
2024-07-26 22:17:26,441 garage switch:0 off
2024-07-27 03:57:33,727 stolpe switch:0 off
2024-07-27 03:57:33,771 vedbod switch:0 off
2024-07-27 03:57:33,823 garage switch:0 off
2024-07-27 08:47:11,932 stolpe switch:0 off
2024-07-27 08:47:11,979 garage switch:0 off
2024-07-27 08:47:12,022 vedbod switch:0 off
2024-07-27 13:17:32,744 stolpe switch:0 off
2024-07-27 13:17:32,772 vedbod switch:0 off
2024-07-27 13:17:32,784 garage switch:0 off
2024-07-27 16:19:13,119 stolpe switch:0 off
2024-07-27 16:19:13,125 vedbod switch:0 off
2024-07-27 16:19:13,136 garage switch:0 off
2024-07-27 21:17:27,108 garage switch:0 off
2024-07-27 21:17:27,112 stolpe switch:0 off
2024-07-27 21:17:27,113 vedbod switch:0 off
2024-07-28 02:38:54,005 stolpe switch:0 off
2024-07-28 02:38:54,047 garage switch:0 off
2024-07-28 02:38:54,067 vedbod switch:0 off
2024-07-28 07:43:35,114 stolpe switch:0 off
2024-07-28 07:43:35,151 vedbod switch:0 off
2024-07-28 07:43:35,155 garage switch:0 off
2024-07-28 11:56:00,334 stolpe switch:0 off
2024-07-28 11:56:00,397 vedbod switch:0 off
2024-07-28 11:56:00,842 garage switch:0 off
2024-07-28 16:17:25,549 stolpe switch:0 off
2024-07-28 16:17:25,605 garage switch:0 off
2024-07-28 16:17:25,615 vedbod switch:0 off
2024-07-28 21:17:54,224 stolpe switch:0 off
2024-07-28 21:17:54,276 vedbod switch:0 off
2024-07-28 21:17:54,278 garage switch:0 off
2024-07-29 03:17:27,581 garage switch:0 off
2024-07-29 03:17:27,637 stolpe switch:0 off
2024-07-29 03:17:27,639 vedbod switch:0 off
2024-07-29 08:17:26,862 stolpe switch:0 off
2024-07-29 08:17:26,907 vedbod switch:0 off
2024-07-29 08:17:27,362 garage switch:0 off
2024-07-29 17:17:26,364 vedbod switch:0 off
2024-07-29 17:17:26,415 garage switch:0 off
2024-07-29 17:17:29,263 stolpe switch:0 off
2024-07-29 17:17:29,273 stolpe rpc off
2024-07-29 23:17:26,466 vedbod switch:0 off
2024-07-29 23:17:26,476 stolpe switch:0 off
2024-07-29 23:17:27,408 garage switch:0 off
2024-07-30 00:46:01,006 garage rpc off
2024-07-30 04:17:26,456 vedbod switch:0 off
2024-07-30 04:17:26,502 stolpe switch:0 off
2024-07-30 05:48:29,975 garage rpc off
2024-07-30 14:40:51,025 stolpe switch:0 off
2024-07-30 14:40:51,031 vedbod switch:0 off
2024-07-30 14:40:51,054 garage switch:0 off
2024-07-30 14:41:46,984 garage rpc off
2024-07-30 19:49:15,613 vedbod switch:0 off
2024-07-30 19:49:15,663 stolpe switch:0 off
2024-07-30 19:49:19,281 garage rpc off
2024-07-31 00:36:30,206 stolpe switch:0 off
2024-07-31 00:36:30,321 vedbod switch:0 off
2024-07-31 00:36:34,760 garage switch:0 off
2024-07-31 02:17:12,089 garage rpc off
2024-07-31 05:38:22,516 stolpe switch:0 off
2024-07-31 05:38:22,527 vedbod switch:0 off
2024-07-31 07:23:50,349 garage switch:0 off
2024-07-31 07:28:14,949 garage rpc off
2024-07-31 16:17:26,500 stolpe switch:0 off
2024-07-31 16:17:26,538 garage switch:0 off
2024-07-31 16:17:26,586 vedbod switch:0 off
2024-07-31 17:48:57,006 garage rpc off
2024-07-31 20:56:24,805 stolpe switch:0 off
2024-07-31 20:56:24,824 vedbod switch:0 off
2024-07-31 20:56:24,997 garage switch:0 off
2024-07-31 22:41:45,110 garage rpc off
2024-08-01 02:38:15,938 garage switch:0 off
2024-08-01 02:38:15,990 vedbod switch:0 off
2024-08-01 02:38:15,993 stolpe switch:0 off
2024-08-01 04:27:19,336 garage rpc off
2024-08-01 07:39:25,511 stolpe switch:0 off
2024-08-01 07:39:25,568 vedbod switch:0 off
2024-08-01 09:28:11,031 garage rpc off
2024-08-01 12:17:44,218 vedbod switch:0 off
2024-08-01 12:17:44,267 stolpe switch:0 off
2024-08-01 14:05:18,229 garage switch:0 off
2024-08-01 14:05:18,243 garage rpc off
2024-08-01 23:17:26,972 stolpe switch:0 off
2024-08-01 23:17:27,024 vedbod switch:0 off
2024-08-02 00:53:43,003 garage rpc off
2024-08-02 05:17:26,216 stolpe switch:0 off
2024-08-02 05:17:26,262 vedbod switch:0 off
2024-08-02 05:17:26,313 garage switch:0 off
2024-08-02 06:38:31,070 garage rpc off
2024-08-02 10:35:33,213 stolpe switch:0 off
2024-08-02 10:35:33,217 vedbod switch:0 off
2024-08-02 12:06:34,902 garage switch:0 off
2024-08-02 12:06:35,131 garage rpc off
2024-08-02 15:30:38,517 garage switch:0 off
2024-08-02 15:30:38,525 vedbod switch:0 off
2024-08-02 15:30:38,528 stolpe switch:0 off
2024-08-02 17:19:22,518 garage rpc off
2024-08-02 20:41:28,634 stolpe switch:0 off
2024-08-02 20:41:28,662 vedbod switch:0 off
2024-08-02 20:41:28,674 garage switch:0 off
2024-08-02 22:37:19,577 garage rpc off
2024-08-03 02:35:00,493 garage switch:0 off
2024-08-03 02:35:00,553 stolpe switch:0 off
2024-08-03 02:35:00,595 vedbod switch:0 off
2024-08-03 02:39:04,665 garage rpc off
2024-08-03 06:17:26,774 stolpe switch:0 off
2024-08-03 06:17:26,815 vedbod switch:0 off
2024-08-03 09:40:07,621 garage switch:0 off
2024-08-03 09:40:58,794 garage rpc off
2024-08-03 13:17:26,371 stolpe switch:0 off
2024-08-03 13:17:26,380 vedbod switch:0 off
2024-08-03 13:17:26,385 garage switch:0 off
2024-08-03 14:49:44,082 garage rpc off
2024-08-03 17:17:27,499 stolpe switch:0 off
2024-08-03 17:17:27,511 vedbod switch:0 off
2024-08-03 19:27:55,364 garage switch:0 off
2024-08-03 19:28:15,473 garage rpc off
2024-08-03 22:52:53,146 stolpe switch:0 off
2024-08-03 22:52:53,152 vedbod switch:0 off
2024-08-03 22:52:53,559 garage switch:0 off
2024-08-04 00:28:12,271 garage rpc off
2024-08-04 04:26:17,551 vedbod switch:0 off
2024-08-04 04:26:17,581 stolpe switch:0 off
2024-08-04 06:00:36,145 garage switch:0 off
2024-08-04 06:02:11,302 garage rpc off
2024-08-04 09:17:26,294 stolpe switch:0 off
2024-08-04 09:17:26,380 vedbod switch:0 off
2024-08-04 11:01:26,161 garage switch:0 off
2024-08-04 11:01:26,164 garage rpc off
2024-08-04 15:00:08,271 stolpe switch:0 off
2024-08-04 15:00:08,277 vedbod switch:0 off
2024-08-04 15:00:11,219 garage switch:0 off
2024-08-04 16:34:20,913 garage rpc off
2024-08-04 20:32:56,481 stolpe switch:0 off
2024-08-04 20:32:56,494 vedbod switch:0 off
2024-08-04 20:32:58,551 garage rpc off
2024-08-05 01:26:23,800 stolpe switch:0 off
2024-08-05 01:26:23,853 vedbod switch:0 off
2024-08-05 01:26:23,890 garage switch:0 off
2024-08-05 02:50:51,130 garage rpc off
2024-08-05 06:17:26,746 stolpe switch:0 off
2024-08-05 06:17:26,784 vedbod switch:0 off
2024-08-05 07:47:35,261 garage rpc off
2024-08-05 11:11:01,532 garage switch:0 off
2024-08-05 11:11:01,601 stolpe switch:0 off
2024-08-05 11:11:01,627 vedbod switch:0 off
2024-08-05 12:39:08,709 garage rpc off
2024-08-05 16:36:59,586 stolpe switch:0 off
2024-08-05 16:36:59,599 garage switch:0 off
2024-08-05 16:36:59,601 vedbod switch:0 off
2024-08-05 18:23:12,569 garage rpc off
2024-08-05 22:21:49,494 stolpe switch:0 off
2024-08-05 22:21:49,543 vedbod switch:0 off
2024-08-05 22:21:49,736 garage switch:0 off
2024-08-05 23:55:03,544 garage rpc off
2024-08-06 03:19:47,039 stolpe switch:0 off
2024-08-06 03:19:47,070 garage switch:0 off
2024-08-06 03:19:47,114 vedbod switch:0 off
2024-08-06 05:05:31,068 garage rpc off
2024-08-06 08:29:41,084 vedbod switch:0 off
2024-08-06 08:29:41,139 stolpe switch:0 off
2024-08-06 08:29:51,652 garage rpc off
2024-08-06 13:32:30,734 stolpe switch:0 off
2024-08-06 13:32:30,741 garage switch:0 off
2024-08-06 13:32:30,776 vedbod switch:0 off
2024-08-06 15:19:57,013 garage rpc off
2024-08-06 23:17:34,260 garage switch:0 off
2024-08-06 23:17:34,313 stolpe switch:0 off
2024-08-06 23:17:34,314 vedbod switch:0 off
2024-08-07 01:27:17,023 garage rpc off
2024-08-07 04:48:21,571 vedbod switch:0 off
2024-08-07 04:48:21,578 stolpe switch:0 off
2024-08-07 04:48:27,269 garage switch:0 off
2024-08-07 04:52:37,193 garage rpc off
2024-08-07 07:17:31,124 stolpe switch:0 off
2024-08-07 07:17:31,171 garage switch:0 off
2024-08-07 07:17:31,173 vedbod switch:0 off
2024-08-07 07:20:23,927 garage rpc off
2024-08-07 19:47:04,682 stolpe switch:0 off
2024-08-07 19:47:04,733 vedbod switch:0 off
2024-08-07 19:47:04,954 garage switch:0 off
2024-08-07 21:39:54,087 garage rpc off
2024-08-08 00:38:16,847 stolpe switch:0 off
2024-08-08 00:38:16,853 vedbod switch:0 off
2024-08-08 02:30:02,557 garage rpc off
2024-08-08 06:27:33,766 stolpe switch:0 off
2024-08-08 06:27:33,777 vedbod switch:0 off
2024-08-08 08:13:53,222 garage rpc off
2024-08-08 11:17:27,719 stolpe switch:0 off
2024-08-08 11:17:27,833 vedbod switch:0 off
2024-08-08 12:50:12,030 garage rpc off
2024-08-08 15:40:40,285 stolpe switch:0 off
2024-08-08 15:40:40,349 vedbod switch:0 off
2024-08-08 15:40:40,402 garage switch:0 off
2024-08-08 17:40:24,724 garage rpc off
2024-08-08 20:17:27,875 garage switch:0 off
2024-08-08 20:17:27,891 stolpe switch:0 off
2024-08-08 20:17:27,900 vedbod switch:0 off
2024-08-09 01:17:24,631 stolpe switch:0 off
2024-08-09 01:17:24,700 vedbod switch:0 on
2024-08-09 02:49:12,736 garage rpc off
2024-08-09 06:14:16,317 stolpe switch:0 off
2024-08-09 06:14:16,372 vedbod switch:0 on
2024-08-09 06:14:16,821 garage switch:0 off
2024-08-09 07:40:28,713 garage rpc off
2024-08-09 10:32:08,524 stolpe switch:0 off
2024-08-09 10:32:08,572 vedbod switch:0 off
2024-08-09 13:42:58,533 stolpe switch:0 on
2024-08-09 13:42:58,599 vedbod switch:0 on
2024-08-09 14:51:26,992 stolpe switch:0 off
2024-08-09 14:51:27,002 vedbod switch:0 off
2024-08-09 18:20:58,705 stolpe switch:0 off
2024-08-09 18:20:58,795 vedbod switch:0 off
2024-08-09 22:20:48,676 stolpe switch:0 off
2024-08-09 22:20:48,723 vedbod switch:0 off
2024-08-10 08:17:25,186 stolpe switch:0 off
2024-08-10 08:17:25,230 vedbod switch:0 off
2024-08-10 10:36:50,102 stolpe switch:0 off
2024-08-10 10:36:50,120 stolpe rpc off
2024-08-10 12:20:34,048 stolpe switch:0 off
2024-08-10 12:20:34,183 vedbod switch:0 off
2024-08-10 22:17:28,583 stolpe switch:0 off
2024-08-10 22:17:28,591 vedbod switch:0 off
2024-08-10 22:17:29,718 garage switch:0 off
2024-08-11 00:11:20,094 garage rpc off
2024-08-11 09:00:35,435 stolpe switch:0 off
2024-08-11 09:00:35,490 vedbod switch:0 off
2024-08-11 09:00:35,549 garage switch:0 off
2024-08-11 10:43:57,761 garage rpc off
2024-08-11 16:34:35,963 stolpe switch:0 off
2024-08-11 16:34:35,969 vedbod switch:0 off
2024-08-11 18:36:48,001 garage switch:0 off
2024-08-11 18:46:30,234 garage rpc off
2024-08-11 20:18:38,201 garage switch:0 off
2024-08-11 20:18:38,208 stolpe switch:0 off
2024-08-11 20:18:38,210 vedbod switch:0 off
2024-08-11 22:06:39,746 garage rpc off
2024-08-12 01:17:25,067 stolpe switch:0 off
2024-08-12 01:17:25,112 garage switch:0 off
2024-08-12 01:17:25,159 vedbod switch:0 off
2024-08-12 02:51:27,523 garage rpc off
2024-08-12 05:41:10,519 stolpe switch:0 off
2024-08-12 05:41:10,528 vedbod switch:0 off
2024-08-12 05:41:10,551 garage switch:0 off
2024-08-12 07:41:41,904 garage rpc off
2024-08-12 10:01:12,546 stolpe switch:0 off
2024-08-12 10:01:12,552 vedbod switch:0 off
2024-08-12 10:01:16,508 garage switch:0 off
2024-08-12 12:00:09,847 garage rpc off
2024-08-12 14:22:41,362 stolpe switch:0 off
2024-08-12 14:22:41,368 vedbod switch:0 off
2024-08-12 16:33:31,424 garage rpc off
2024-08-12 18:48:55,538 stolpe switch:0 off
2024-08-12 18:48:55,598 vedbod switch:0 off
2024-08-12 18:48:55,799 garage switch:0 off
2024-08-12 20:35:39,663 garage rpc off
2024-08-12 23:24:50,967 stolpe switch:0 off
2024-08-12 23:24:51,016 vedbod switch:0 off
2024-08-13 01:08:25,426 garage rpc off
2024-08-13 04:17:25,493 stolpe switch:0 off
2024-08-13 04:17:25,537 vedbod switch:0 off
2024-08-13 04:17:25,583 garage switch:0 off
2024-08-13 05:56:59,468 garage rpc off
2024-08-13 08:44:43,001 stolpe switch:0 off
2024-08-13 08:44:43,007 vedbod switch:0 off
2024-08-13 08:44:43,042 garage switch:0 off
2024-08-13 10:42:39,764 garage rpc off
2024-08-13 12:54:52,256 garage switch:0 off
2024-08-13 12:54:52,262 stolpe switch:0 off
2024-08-13 12:54:52,269 vedbod switch:0 off
2024-08-13 14:41:51,552 garage rpc off
2024-08-13 17:26:00,197 stolpe switch:0 off
2024-08-13 17:26:00,218 vedbod switch:0 off
2024-08-13 19:27:43,229 garage rpc off
2024-08-13 21:26:14,346 stolpe switch:0 off
2024-08-13 21:26:14,404 garage switch:0 off
2024-08-13 21:26:14,455 vedbod switch:0 off
2024-08-13 23:50:07,776 garage rpc off
2024-08-14 02:37:24,599 stolpe switch:0 off
2024-08-14 02:37:24,643 vedbod switch:0 off
2024-08-14 02:37:25,205 garage switch:0 off
2024-08-14 04:43:52,966 garage rpc off
2024-08-14 08:17:27,246 stolpe switch:0 off
2024-08-14 08:17:27,282 garage switch:0 off
2024-08-14 08:17:27,334 vedbod switch:0 off
2024-08-14 09:55:00,539 garage rpc off
2024-08-14 12:17:26,966 stolpe switch:0 off
2024-08-14 12:17:27,018 vedbod switch:0 off
2024-08-14 14:07:12,774 garage rpc off
2024-08-14 16:39:37,698 stolpe switch:0 off
2024-08-14 16:39:37,704 vedbod switch:0 off
2024-08-14 16:39:43,061 garage switch:0 on
2024-08-14 18:58:50,051 garage rpc on
2024-08-14 21:17:39,645 stolpe switch:0 off
2024-08-14 21:17:39,694 vedbod switch:0 off
2024-08-14 21:17:41,866 garage switch:0 off
2024-08-14 21:35:01,333 garage rpc off
2024-08-14 23:17:26,200 stolpe switch:0 off
2024-08-14 23:17:26,249 vedbod switch:0 off
2024-08-14 23:17:27,360 garage switch:0 off
2024-08-15 03:22:13,130 garage rpc off
2024-08-15 06:45:07,281 stolpe switch:0 off
2024-08-15 06:45:07,332 vedbod switch:0 off
2024-08-15 06:45:52,717 garage rpc off
2024-08-15 09:17:28,272 stolpe switch:0 off
2024-08-15 09:17:28,279 vedbod switch:0 off
2024-08-15 12:41:50,070 garage rpc off
2024-08-15 15:17:25,601 stolpe switch:0 off
2024-08-15 15:17:25,621 vedbod switch:0 off
2024-08-15 15:17:32,762 garage switch:0 off
2024-08-15 17:02:39,656 garage rpc off
2024-08-15 19:17:25,263 stolpe switch:0 off
2024-08-15 19:17:25,290 vedbod switch:0 off
2024-08-15 20:53:49,153 garage rpc off
2024-08-15 23:17:27,827 vedbod switch:0 off
2024-08-15 23:17:27,879 stolpe switch:0 off
2024-08-16 00:43:15,985 garage rpc off
2024-08-16 08:17:31,734 stolpe switch:0 off
2024-08-16 08:17:31,793 vedbod switch:0 off
2024-08-16 08:17:31,845 garage switch:0 off
2024-08-16 09:58:53,156 garage rpc off
2024-08-16 12:17:26,792 vedbod switch:0 off
2024-08-16 12:17:27,000 stolpe switch:0 off
2024-08-16 13:53:36,077 garage switch:0 off
2024-08-16 13:54:51,882 garage rpc off
2024-08-16 16:17:32,593 stolpe switch:0 off
2024-08-16 16:17:32,600 vedbod switch:0 off
2024-08-16 16:18:05,302 garage rpc off
2024-08-18 08:48:20,918 garage switch:0 off
2024-08-18 08:48:20,925 stolpe switch:0 off
2024-08-18 08:48:20,927 vedbod switch:0 off
2024-08-18 10:20:12,610 stolpe switch:0 on
2024-08-18 10:20:12,615 stolpe rpc on
2024-08-18 10:20:13,902 stolpe switch:0 off
2024-08-18 10:20:13,906 stolpe rpc off
2024-08-18 10:27:27,011 garage rpc off
2024-08-18 16:39:09,943 stolpe switch:0 off
2024-08-18 16:39:09,947 vedbod switch:0 off
2024-08-18 18:12:59,824 garage rpc off
2024-08-18 20:29:23,903 garage switch:0 off
2024-08-18 20:29:25,202 vedbod switch:0 off
2024-08-18 20:29:29,216 stolpe switch:0 off
2024-08-18 22:29:39,707 garage rpc off
2024-08-19 01:26:58,785 stolpe switch:0 off
2024-08-19 01:26:58,842 vedbod switch:0 off
2024-08-19 01:26:58,892 garage switch:0 off
2024-08-19 02:53:43,471 garage rpc off
2024-08-19 10:22:42,890 vedbod switch:0 off
2024-08-19 10:22:42,903 stolpe switch:0 off
2024-08-19 10:22:42,908 garage switch:0 off
2024-08-19 14:22:32,654 stolpe switch:0 off
2024-08-19 14:22:32,693 garage switch:0 off
2024-08-19 14:22:32,746 vedbod switch:0 off
2024-08-19 16:30:54,315 garage rpc off
2024-08-19 18:40:31,232 vedbod switch:0 off
2024-08-19 18:40:31,290 stolpe switch:0 off
2024-08-19 18:40:32,604 garage switch:0 off
2024-08-19 20:13:24,481 garage rpc off
2024-08-19 23:01:54,581 stolpe switch:0 off
2024-08-19 23:01:54,601 vedbod switch:0 off
2024-08-19 23:01:57,221 garage rpc off
2024-08-20 03:25:50,466 stolpe switch:0 off
2024-08-20 03:25:50,528 vedbod switch:0 off
2024-08-20 04:58:05,403 garage rpc off
2024-08-20 07:48:13,168 stolpe switch:0 off
2024-08-20 07:48:13,223 vedbod switch:0 off
2024-08-20 07:48:13,269 garage switch:0 off
2024-08-20 09:12:15,145 garage rpc off
2024-08-20 15:17:25,334 stolpe switch:0 off
2024-08-20 15:17:25,434 vedbod switch:0 off
2024-08-20 15:17:28,629 garage switch:0 off
2024-08-20 19:17:27,028 stolpe switch:0 off
2024-08-20 19:17:27,092 vedbod switch:0 off
2024-08-20 19:17:28,399 garage switch:0 off
2024-08-20 23:17:32,851 stolpe switch:0 off
2024-08-20 23:17:32,858 vedbod switch:0 off
2024-08-20 23:17:32,879 garage switch:0 off
2024-08-21 01:17:26,656 stolpe switch:0 off
2024-08-21 01:17:26,708 garage switch:0 off
2024-08-21 01:17:26,757 vedbod switch:0 off
2024-08-21 07:42:33,060 stolpe switch:0 off
2024-08-21 07:42:33,090 vedbod switch:0 off
2024-08-21 07:42:33,142 garage switch:0 off
2024-08-21 10:06:49,434 stolpe switch:0 off
2024-08-21 10:06:49,456 stolpe rpc off
2024-08-21 16:48:17,757 stolpe switch:0 off
2024-08-21 16:48:17,763 vedbod switch:0 off
2024-08-21 16:48:18,212 garage switch:0 off
2024-08-21 17:58:24,851 vedbod switch:0 off
2024-08-21 17:58:24,878 vedbod rpc off
2024-08-21 20:17:27,081 stolpe switch:0 off
2024-08-21 20:17:27,134 garage switch:0 off
2024-08-21 20:17:27,137 vedbod switch:0 off
2024-08-21 23:21:49,560 stolpe switch:0 on
2024-08-21 23:21:49,570 stolpe rpc on
2024-08-21 23:27:22,783 stolpe switch:0 off
2024-08-21 23:27:22,788 stolpe rpc off
2024-08-22 04:32:32,419 stolpe switch:0 off
2024-08-22 04:32:32,443 garage switch:0 off
2024-08-22 04:32:32,460 vedbod switch:0 off
2024-08-22 08:45:19,863 stolpe switch:0 off
2024-08-22 08:45:19,908 garage switch:0 off
2024-08-22 08:45:19,964 vedbod switch:0 off
2024-08-22 12:44:50,639 stolpe switch:0 on
2024-08-22 12:44:50,644 stolpe rpc on
2024-08-22 12:44:52,717 stolpe switch:0 off
2024-08-22 12:44:52,720 stolpe rpc off
2024-08-22 13:17:26,882 vedbod switch:0 off
2024-08-22 13:17:27,283 garage switch:0 off
2024-08-22 14:46:31,548 stolpe switch:0 off
2024-08-22 14:47:33,912 stolpe switch:0 off
2024-08-22 14:47:34,749 stolpe rpc off
2024-08-22 17:28:27,934 stolpe switch:0 off
2024-08-22 17:28:27,974 vedbod switch:0 off
2024-08-22 17:28:28,024 garage switch:0 off
2024-08-22 19:02:14,699 stolpe switch:0 off
2024-08-22 19:02:14,720 stolpe rpc off
2024-08-22 21:46:29,158 stolpe switch:0 off
2024-08-22 21:46:29,170 vedbod switch:0 off
2024-08-22 21:46:30,188 garage switch:0 off
2024-08-23 02:17:27,041 garage switch:0 off
2024-08-23 02:17:27,093 vedbod switch:0 off
2024-08-23 02:17:27,095 stolpe switch:0 off
2024-08-23 04:01:18,842 garage rpc off
2024-08-23 06:51:46,878 stolpe switch:0 off
2024-08-23 06:51:46,885 vedbod switch:0 off
2024-08-23 06:51:46,911 garage switch:0 off
2024-08-23 11:17:25,369 stolpe switch:0 off
2024-08-23 11:17:25,425 garage switch:0 off
2024-08-23 11:17:25,438 vedbod switch:0 off
2024-08-23 15:45:45,157 garage switch:0 off
2024-08-23 15:45:45,195 vedbod switch:0 off
2024-08-23 15:45:45,207 stolpe switch:0 off
2024-08-23 18:24:34,126 stolpe switch:0 off
2024-08-23 18:24:34,355 stolpe rpc off
2024-08-23 19:49:10,909 stolpe switch:0 off
2024-08-23 19:49:11,327 garage switch:0 off
2024-08-24 00:19:57,390 stolpe switch:0 off
2024-08-24 00:19:57,445 garage switch:0 off
2024-08-24 00:23:08,493 stolpe switch:0 off
2024-08-24 00:23:08,496 stolpe rpc off
2024-08-24 08:53:07,166 stolpe switch:0 off
2024-08-24 08:53:07,171 garage switch:0 off
2024-08-24 12:43:18,335 garage switch:0 off
2024-08-24 17:17:29,020 garage switch:0 off
2024-08-24 21:23:28,647 stolpe switch:0 off
2024-08-24 21:23:29,101 garage switch:0 off
2024-08-25 01:59:47,919 stolpe switch:0 off
2024-08-25 01:59:48,392 garage switch:0 off
2024-08-25 06:17:26,723 stolpe switch:0 off
2024-08-25 06:17:27,222 garage switch:0 off
2024-08-25 21:52:33,995 garage switch:0 on
2024-08-26 01:06:59,322 stolpe switch:0 off
2024-08-26 01:06:59,323 stolpe rpc off
2024-08-26 02:19:09,686 garage switch:0 on
2024-08-26 02:19:09,937 stolpe switch:0 off
2024-08-26 06:30:53,352 garage switch:0 on
2024-08-26 06:30:53,733 stolpe switch:0 off
2024-08-26 11:17:28,225 stolpe switch:0 off
2024-08-26 11:17:32,050 garage switch:0 on
2024-08-26 13:23:32,293 garage switch:0 on
2024-08-26 13:38:40,999 stolpe switch:0 off
2024-08-26 13:38:41,312 stolpe rpc off
2024-08-26 15:17:26,440 garage switch:0 on
2024-08-26 17:58:31,184 stolpe switch:0 off
2024-08-26 17:58:31,227 stolpe rpc off
2024-08-26 19:32:13,225 garage switch:0 off
2024-08-26 22:25:00,085 stolpe switch:0 off
2024-08-26 22:25:00,832 stolpe rpc off
2024-08-27 00:17:26,526 stolpe switch:0 off
2024-08-27 00:17:26,846 garage switch:0 off
2024-08-27 08:55:32,261 garage switch:0 off
2024-08-27 08:55:32,555 stolpe switch:0 off
2024-08-27 17:17:32,965 garage switch:0 off
2024-08-27 17:17:32,972 stolpe switch:0 off
2024-08-27 17:17:32,974 vedbod switch:0 off
2024-08-28 01:17:28,586 stolpe switch:0 off
2024-08-28 01:17:28,597 vedbod switch:0 off
2024-08-28 01:17:29,055 garage switch:0 off
2024-08-28 05:50:05,382 stolpe switch:0 off
2024-08-28 05:50:05,426 garage switch:0 off
2024-08-28 05:50:05,429 vedbod switch:0 off
2024-08-28 14:53:01,905 stolpe switch:0 off
2024-08-28 14:53:01,963 vedbod switch:0 off
2024-08-28 14:53:02,301 garage switch:0 off
2024-08-28 18:23:14,225 vedbod switch:0 off
2024-08-28 18:23:14,278 stolpe switch:0 off
2024-08-28 18:23:15,616 garage switch:0 off
2024-08-28 23:06:33,698 stolpe switch:0 off
2024-08-28 23:06:33,748 vedbod switch:0 off
2024-08-28 23:06:34,729 garage switch:0 off
2024-08-29 03:17:26,652 stolpe switch:0 off
2024-08-29 03:17:26,658 vedbod switch:0 off
2024-08-29 03:17:27,041 garage switch:0 off
2024-08-29 12:17:33,101 stolpe switch:0 off
2024-08-29 12:17:33,156 vedbod switch:0 off
2024-08-29 12:17:34,158 garage switch:0 off
2024-08-29 16:17:29,814 stolpe switch:0 off
2024-08-29 16:17:29,820 vedbod switch:0 off
2024-08-29 16:17:30,233 garage switch:0 off
2024-08-30 01:27:51,664 stolpe switch:0 off
2024-08-30 01:27:51,715 garage switch:0 off
2024-08-30 01:27:51,727 vedbod switch:0 off
2024-08-30 05:19:51,925 stolpe switch:0 off
2024-08-30 05:19:52,007 vedbod switch:0 off
2024-08-30 05:19:52,794 garage switch:0 off
2024-08-30 14:17:29,425 stolpe switch:0 off
2024-08-30 14:17:29,472 vedbod switch:0 off
2024-08-30 14:17:29,877 garage switch:0 off
2024-08-30 16:35:04,724 stolpe switch:0 off
2024-08-30 16:35:04,744 stolpe rpc off
2024-08-30 18:28:06,425 vedbod switch:0 off
2024-08-30 18:28:06,489 garage switch:0 off
2024-08-30 19:59:01,857 stolpe switch:0 off
2024-08-30 20:06:49,097 stolpe switch:0 off
2024-08-30 20:06:49,100 stolpe rpc off
2024-08-30 22:17:27,348 stolpe switch:0 off
2024-08-30 22:17:27,422 garage switch:0 off
2024-08-30 22:17:27,429 vedbod switch:0 off
2024-08-31 00:35:30,110 stolpe switch:0 off
2024-08-31 00:35:30,114 stolpe rpc off
2024-08-31 03:17:27,158 stolpe switch:0 off
2024-08-31 03:17:27,199 vedbod switch:0 off
2024-08-31 03:17:27,692 garage switch:0 off
2024-08-31 07:34:43,160 stolpe switch:0 off
2024-08-31 07:34:43,208 vedbod switch:0 off
2024-08-31 07:34:43,293 garage switch:0 off
2024-08-31 11:17:27,939 stolpe switch:0 off
2024-08-31 11:17:27,942 vedbod switch:0 off
2024-08-31 11:17:28,323 garage switch:0 on
2024-08-31 15:17:26,890 stolpe switch:0 off
2024-08-31 15:17:26,917 vedbod switch:0 off
2024-08-31 15:17:29,865 garage switch:0 off
2024-08-31 19:24:34,676 stolpe switch:0 off
2024-08-31 19:24:34,681 vedbod switch:0 off
2024-08-31 19:24:36,562 garage switch:0 off
2024-09-01 00:17:26,510 stolpe switch:0 off
2024-09-01 00:17:26,517 vedbod switch:0 off
2024-09-01 00:17:28,287 garage switch:0 off
2024-09-01 04:55:07,450 vedbod switch:0 off
2024-09-01 04:55:07,461 stolpe switch:0 off
2024-09-01 04:55:09,962 garage switch:0 off
2024-09-01 09:17:27,032 stolpe switch:0 off
2024-09-01 09:17:27,039 vedbod switch:0 off
2024-09-01 09:17:27,346 garage switch:0 off
2024-09-01 13:21:57,891 stolpe switch:0 off
2024-09-01 13:21:57,896 vedbod switch:0 off
2024-09-01 13:21:59,251 garage switch:0 off
2024-09-01 17:31:06,180 stolpe switch:0 off
2024-09-01 17:31:06,214 vedbod switch:0 off
2024-09-01 17:31:06,645 garage switch:0 off
2024-09-01 19:26:51,787 vedbod switch:0 off
2024-09-01 19:26:51,790 stolpe switch:0 off
2024-09-01 19:26:51,791 garage switch:0 off
2024-09-01 22:07:06,901 stolpe switch:0 off
2024-09-01 22:07:06,942 vedbod switch:0 off
2024-09-01 22:07:07,320 garage switch:0 off
2024-09-02 02:37:49,719 stolpe switch:0 off
2024-09-02 02:37:49,771 vedbod switch:0 off
2024-09-02 02:37:52,895 garage switch:0 off
2024-09-02 06:52:39,744 stolpe switch:0 off
2024-09-02 06:52:40,453 stolpe rpc off
2024-09-02 07:17:27,509 stolpe switch:0 off
2024-09-02 07:17:27,557 vedbod switch:0 off
2024-09-02 07:17:29,931 garage switch:0 off
2024-09-02 09:22:01,050 stolpe switch:0 off
2024-09-02 09:22:01,054 stolpe rpc off
2024-09-02 11:17:27,399 stolpe switch:0 off
2024-09-02 11:17:27,403 vedbod switch:0 off
2024-09-02 11:17:27,441 garage switch:0 off
2024-09-02 13:17:50,889 stolpe switch:0 off
2024-09-02 13:17:50,894 stolpe rpc off
2024-09-02 15:47:40,001 stolpe switch:0 off
2024-09-02 15:47:40,014 vedbod switch:0 off
2024-09-02 15:47:40,421 garage switch:0 off
2024-09-02 17:27:01,732 stolpe switch:0 off
2024-09-02 17:27:02,371 stolpe rpc off
2024-09-02 19:37:04,646 stolpe switch:0 off
2024-09-02 19:37:04,695 vedbod switch:0 off
2024-09-02 19:37:05,850 garage switch:0 off
2024-09-02 21:44:42,203 stolpe switch:0 off
2024-09-02 21:44:42,207 stolpe rpc off
2024-09-03 00:26:39,004 vedbod switch:0 off
2024-09-03 00:26:39,353 garage switch:0 off
2024-09-03 00:26:40,317 stolpe switch:0 off
2024-09-03 02:35:40,838 stolpe switch:0 off
2024-09-03 02:35:40,853 stolpe rpc off
2024-09-03 09:22:02,294 stolpe switch:0 off
2024-09-03 09:22:02,344 garage switch:0 off
2024-09-03 09:22:02,400 vedbod switch:0 off
2024-09-03 11:21:37,288 stolpe switch:0 off
2024-09-03 11:21:37,300 stolpe rpc off
2024-09-03 13:33:05,843 vedbod switch:0 off
2024-09-03 13:33:05,859 garage switch:0 off
2024-09-03 15:13:29,626 stolpe switch:0 off
2024-09-03 16:34:57,349 stolpe switch:0 off
2024-09-03 16:34:57,352 stolpe rpc off
2024-09-03 18:03:59,577 stolpe switch:0 off
2024-09-03 18:03:59,588 vedbod switch:0 off
2024-09-03 18:04:00,053 garage switch:0 off
2024-09-03 19:51:59,430 stolpe switch:0 off
2024-09-03 19:51:59,435 stolpe rpc off
2024-09-04 03:19:21,211 garage switch:0 off
2024-09-04 03:19:21,269 vedbod switch:0 off
2024-09-04 03:19:22,334 stolpe switch:0 off
2024-09-04 05:21:39,380 stolpe switch:0 off
2024-09-04 05:21:39,394 stolpe rpc off
2024-09-04 12:49:02,011 stolpe switch:0 off
2024-09-04 12:49:02,059 vedbod switch:0 off
2024-09-04 12:49:02,109 garage switch:0 off
2024-09-04 15:21:49,997 stolpe switch:0 off
2024-09-04 15:21:50,002 stolpe rpc off
2024-09-04 17:17:28,384 stolpe switch:0 off
2024-09-04 17:17:28,401 vedbod switch:0 off
2024-09-04 17:17:29,771 garage switch:0 off
2024-09-04 19:35:54,331 stolpe switch:0 off
2024-09-04 19:35:54,339 stolpe rpc off
2024-09-04 21:41:28,009 stolpe switch:0 off
2024-09-04 21:41:28,014 vedbod switch:0 off
2024-09-04 21:41:28,338 garage switch:0 off
2024-09-05 02:22:05,370 garage switch:0 off
2024-09-05 02:22:05,407 stolpe switch:0 off
2024-09-05 02:22:05,458 vedbod switch:0 off
2024-09-05 06:17:27,138 stolpe switch:0 off
2024-09-05 06:17:27,195 garage switch:0 off
2024-09-05 06:17:27,224 vedbod switch:0 off
2024-09-05 11:17:27,204 stolpe switch:0 off
2024-09-05 11:17:27,303 vedbod switch:0 off
2024-09-05 11:17:28,086 garage switch:0 off
2024-09-05 15:54:36,147 stolpe switch:0 off
2024-09-05 15:54:36,205 vedbod switch:0 off
2024-09-05 15:54:37,681 garage switch:0 off
2024-09-05 20:17:26,515 stolpe switch:0 off
2024-09-05 20:17:26,933 garage switch:0 off
2024-09-06 00:49:34,392 garage switch:0 off
2024-09-06 05:18:49,021 garage switch:0 off
2024-09-06 05:18:50,226 vedbod switch:0 off
2024-09-06 05:18:50,244 vedbod rpc off
2024-09-06 10:17:26,791 stolpe switch:0 off
2024-09-06 10:17:26,797 vedbod switch:0 off
2024-09-06 10:17:28,633 garage switch:0 off
2024-09-06 15:17:40,121 stolpe switch:0 off
2024-09-06 15:17:40,139 vedbod switch:0 off
2024-09-06 15:17:41,021 garage switch:0 off
2024-09-06 19:45:36,276 stolpe switch:0 off
2024-09-06 19:45:36,330 vedbod switch:0 off
2024-09-06 19:45:36,333 garage switch:0 off
2024-09-07 00:14:23,497 stolpe switch:0 off
2024-09-07 00:14:23,553 vedbod switch:0 off
2024-09-07 00:14:24,030 garage switch:0 off
2024-09-07 04:37:03,611 garage switch:0 off
2024-09-07 04:37:03,662 stolpe switch:0 off
2024-09-07 04:37:03,663 vedbod switch:0 off
2024-09-07 09:17:26,720 garage switch:0 off
2024-09-07 09:17:26,732 stolpe switch:0 off
2024-09-07 09:17:26,743 vedbod switch:0 off
2024-09-07 13:49:39,577 stolpe switch:0 off
2024-09-07 13:49:39,583 vedbod switch:0 off
2024-09-07 13:49:40,626 garage switch:0 off
2024-09-07 17:46:01,490 garage switch:0 off
2024-09-07 17:46:01,529 stolpe switch:0 off
2024-09-07 17:46:01,540 vedbod switch:0 off
2024-09-07 22:17:26,925 stolpe switch:0 off
2024-09-07 22:17:26,974 vedbod switch:0 off
2024-09-07 22:17:26,979 garage switch:0 off
2024-09-08 07:11:31,037 stolpe switch:0 off
2024-09-08 07:11:31,046 vedbod switch:0 off
2024-09-08 07:11:37,918 garage switch:0 off
2024-09-08 11:17:25,630 stolpe switch:0 off
2024-09-08 11:17:25,767 vedbod switch:0 off
2024-09-08 11:17:26,973 garage switch:0 off
2024-09-08 15:52:40,412 stolpe switch:0 off
2024-09-08 15:52:40,462 vedbod switch:0 off
2024-09-08 15:52:41,741 garage switch:0 off
2024-09-08 20:30:39,826 stolpe switch:0 off
2024-09-08 20:30:39,839 vedbod switch:0 off
2024-09-08 20:30:40,333 garage switch:0 off
2024-09-09 01:01:19,344 garage switch:0 off
2024-09-09 01:01:19,355 stolpe switch:0 off
2024-09-09 01:01:19,368 vedbod switch:0 off
2024-09-09 05:33:03,344 stolpe switch:0 off
2024-09-09 05:33:03,393 vedbod switch:0 off
2024-09-09 05:33:04,771 garage switch:0 off
2024-09-09 09:17:27,296 stolpe switch:0 off
2024-09-09 09:17:27,346 vedbod switch:0 off
2024-09-09 09:17:27,782 garage switch:0 off
2024-09-09 17:41:05,272 stolpe switch:0 off
2024-09-09 17:41:05,320 vedbod switch:0 off
2024-09-09 17:41:05,370 garage switch:0 off
2024-09-09 21:51:30,466 stolpe switch:0 off
2024-09-09 21:51:30,520 vedbod switch:0 off
2024-09-09 21:51:31,583 garage switch:0 off
2024-09-10 01:44:41,182 stolpe switch:0 off
2024-09-10 01:44:41,229 vedbod switch:0 off
2024-09-10 01:44:44,408 garage switch:0 off
2024-09-10 06:24:31,631 stolpe switch:0 off
2024-09-10 06:24:31,684 vedbod switch:0 off
2024-09-10 06:24:38,481 garage switch:0 off
2024-09-10 10:17:27,725 stolpe switch:0 off
2024-09-10 10:17:27,768 garage switch:0 off
2024-09-10 10:17:27,777 vedbod switch:0 off
2024-09-10 14:25:50,450 garage switch:0 off
2024-09-10 14:25:50,604 stolpe switch:0 off
2024-09-10 14:25:50,616 vedbod switch:0 off
2024-09-10 22:29:26,588 stolpe switch:0 off
2024-09-10 22:29:26,637 vedbod switch:0 off
2024-09-10 22:29:26,650 garage switch:0 off
2024-09-11 02:34:24,940 stolpe switch:0 off
2024-09-11 02:34:24,995 vedbod switch:0 off
2024-09-11 02:34:28,191 garage switch:0 off
2024-09-11 07:17:28,171 stolpe switch:0 off
2024-09-11 07:17:28,193 vedbod switch:0 off
2024-09-11 07:17:28,587 garage switch:0 off
2024-09-11 10:55:02,117 stolpe switch:0 off
2024-09-11 10:55:02,167 vedbod switch:0 off
2024-09-11 10:55:02,169 garage switch:0 off
2024-09-11 12:53:41,062 stolpe switch:0 on
2024-09-11 12:53:41,065 stolpe rpc on
2024-09-11 12:53:44,820 stolpe switch:0 off
2024-09-11 12:53:44,822 stolpe rpc off
2024-09-11 12:53:46,071 garage rpc on
2024-09-11 12:53:48,949 garage switch:0 on
2024-09-11 12:53:48,952 stolpe switch:0 off
2024-09-11 12:53:48,954 vedbod switch:0 off
2024-09-11 18:00:51,101 stolpe switch:0 off
2024-09-11 18:00:51,108 vedbod switch:0 off
2024-09-11 18:00:51,515 garage switch:0 on
2024-09-11 21:38:53,772 stolpe switch:0 off
2024-09-11 21:38:53,820 vedbod switch:0 off
2024-09-11 21:38:55,145 garage switch:0 on
2024-09-12 02:17:27,168 stolpe switch:0 off
2024-09-12 02:17:27,216 vedbod switch:0 off
2024-09-12 02:17:31,978 garage switch:0 on
2024-09-12 09:31:57,604 stolpe switch:0 off
2024-09-12 09:31:57,657 vedbod switch:0 off
2024-09-12 09:31:57,661 garage switch:0 off
2024-09-12 12:08:02,294 stolpe switch:0 off
2024-09-12 12:08:02,303 vedbod switch:0 off
2024-09-12 12:08:02,324 garage switch:0 off
2024-09-12 13:17:26,628 garage switch:0 on
2024-09-12 13:17:26,637 vedbod switch:0 off
2024-09-12 13:17:26,641 stolpe switch:0 off
2024-09-12 17:22:01,081 stolpe rpc off
2024-09-12 17:17:26,694 stolpe switch:0 off
2024-09-12 17:17:26,701 garage switch:0 off
2024-09-12 17:17:26,703 vedbod switch:0 off
2024-09-12 20:17:26,292 stolpe switch:0 off
2024-09-12 20:17:26,305 vedbod switch:0 off
2024-09-12 20:17:26,325 garage switch:0 off
2024-09-12 22:47:00,666 garage switch:0 off
2024-09-12 22:47:00,675 vedbod switch:0 off
2024-09-12 22:47:04,333 vedbod switch:0 off
2024-09-12 22:47:04,805 garage switch:0 off
2024-09-12 22:47:10,782 vedbod switch:0 off
2024-09-12 22:47:11,672 garage switch:0 off
2024-09-12 22:47:11,894 stolpe switch:0 on
2024-09-12 22:47:11,897 stolpe switch:0 on
2024-09-12 22:47:11,919 stolpe switch:0 on
2024-09-12 22:47:11,950 stolpe rpc on
2024-09-12 22:49:23,592 stolpe switch:0 off
2024-09-12 22:49:23,596 stolpe rpc off
2024-09-13 04:17:26,551 vedbod switch:0 off
2024-09-13 04:17:26,604 stolpe switch:0 off
2024-09-13 04:17:27,978 garage switch:0 off
2024-09-13 08:53:31,517 stolpe switch:0 off
2024-09-13 08:53:31,560 vedbod switch:0 off
2024-09-13 08:53:31,593 garage switch:0 off
2024-09-13 10:57:25,576 vedbod switch:0 off
2024-09-13 10:57:25,578 vedbod rpc off
2024-09-14 13:24:17,606 stolpe switch:0 off
2024-09-14 13:24:17,649 vedbod switch:0 off
2024-09-14 13:24:20,846 garage switch:0 off
2024-09-14 15:17:37,440 stolpe switch:0 off
2024-09-14 15:17:37,447 vedbod switch:0 off
2024-09-14 15:17:37,892 garage switch:0 off
2024-09-14 18:52:57,496 vedbod switch:0 off
2024-09-14 18:52:57,507 stolpe switch:0 off
2024-09-14 18:52:57,509 garage switch:0 off
2024-09-16 16:45:01,758 stolpe switch:0 off
2024-09-16 16:45:01,811 vedbod switch:0 off
2024-09-16 16:45:02,296 garage switch:0 off
2024-09-16 16:47:28,705 stolpe switch:0 on
2024-09-16 16:47:28,727 stolpe rpc on
2024-09-16 16:47:35,171 stolpe switch:0 off
2024-09-16 16:47:35,173 stolpe rpc off
2024-09-16 17:19:23,714 stolpe switch:0 off
2024-09-16 17:19:23,766 vedbod switch:0 off
2024-09-16 17:19:27,462 garage switch:0 off
2024-09-17 14:19:18,878 stolpe switch:0 off
2024-09-17 14:19:18,914 garage switch:0 off
2024-09-17 14:19:18,963 vedbod switch:0 off
2024-09-17 16:28:30,402 stolpe switch:0 off
2024-09-17 16:28:30,423 stolpe rpc off
2024-09-17 18:20:22,255 garage switch:0 off
2024-09-17 18:20:22,287 vedbod switch:0 off
2024-09-17 20:04:40,389 stolpe switch:0 off
2024-09-17 20:04:45,891 stolpe switch:0 off
2024-09-17 20:05:46,854 stolpe switch:0 off
2024-09-17 20:05:46,862 stolpe rpc off
2024-09-17 22:20:19,279 garage switch:0 off
2024-09-17 22:20:19,331 vedbod switch:0 off
2024-09-17 22:20:20,203 stolpe switch:0 off
2024-09-18 03:02:38,591 vedbod switch:0 off
2024-09-18 03:02:38,886 stolpe switch:0 off
2024-09-18 04:34:43,266 garage switch:0 off
2024-09-18 06:51:05,581 garage switch:0 off
2024-09-18 06:51:05,678 vedbod switch:0 off
2024-09-18 06:51:05,743 stolpe switch:0 off
2024-09-18 10:32:43,412 garage switch:0 off
2024-09-18 10:32:43,424 stolpe switch:0 off
2024-09-18 10:32:43,427 vedbod switch:0 off
2024-09-27 21:26:16,123 vedbod switch:0 off
2024-09-27 21:26:17,919 garage switch:0 off
2024-09-27 21:26:19,324 stolpe switch:0 off
2024-09-27 21:26:19,356 stolpe switch:0 on
2024-09-27 21:26:19,369 stolpe rpc on
2024-09-27 21:47:16,304 garage rpc off
2024-09-28 13:20:51,276 garage switch:0 off
2024-09-28 13:20:51,331 stolpe switch:0 off
2024-09-28 13:20:51,332 vedbod switch:0 off
2024-09-28 16:03:59,117 garage rpc off
2024-09-28 17:17:29,973 stolpe switch:0 off
2024-09-28 17:17:30,020 vedbod switch:0 off
2024-09-28 19:12:22,132 garage rpc off
2024-09-28 21:27:35,324 stolpe switch:0 off
2024-09-28 21:27:35,333 vedbod switch:0 off
2024-09-28 21:27:37,439 garage switch:0 off
2024-09-28 23:12:01,285 garage rpc off
2024-09-29 01:26:57,045 stolpe switch:0 off
2024-09-29 01:26:57,112 vedbod switch:0 off
2024-09-29 01:27:02,131 garage switch:0 off
2024-09-29 03:55:15,029 garage rpc off
2024-09-29 05:47:31,818 stolpe switch:0 off
2024-09-29 05:47:31,925 vedbod switch:0 off
2024-09-29 05:47:34,016 garage switch:0 off
2024-09-29 07:55:16,212 garage rpc off
2024-09-29 09:32:36,544 stolpe switch:0 off
2024-09-29 09:32:36,606 garage switch:0 off
2024-09-29 09:32:36,609 vedbod switch:0 off
2024-09-29 11:53:31,714 garage rpc off
2024-09-29 14:01:35,917 stolpe switch:0 off
2024-09-29 14:01:35,942 garage switch:0 off
2024-09-29 14:01:35,955 vedbod switch:0 off
2024-09-29 15:54:15,696 garage rpc off
2024-09-29 17:17:28,219 stolpe switch:0 off
2024-09-29 17:17:28,341 vedbod switch:0 off
2024-09-29 17:17:28,352 garage switch:0 off
2024-09-29 20:04:20,758 garage rpc off
2024-09-29 21:44:07,717 stolpe switch:0 off
2024-09-29 21:44:07,767 garage switch:0 off
2024-09-29 21:44:07,768 vedbod switch:0 off
2024-09-29 23:35:27,195 garage rpc off
2024-09-30 01:49:39,726 stolpe switch:0 off
2024-09-30 01:49:39,734 vedbod switch:0 off
2024-09-30 03:40:55,308 garage switch:0 off
2024-09-30 03:53:13,267 garage rpc off
2024-09-30 09:54:53,447 stolpe switch:0 off
2024-09-30 09:54:53,475 vedbod switch:0 off
2024-09-30 11:50:25,596 garage rpc off
2024-09-30 13:17:27,750 garage switch:0 on
2024-09-30 13:17:27,756 stolpe switch:0 off
2024-09-30 13:17:27,758 vedbod switch:0 off
2024-09-30 15:35:06,683 garage rpc off
2024-09-30 17:17:26,879 stolpe switch:0 off
2024-09-30 17:17:29,117 vedbod switch:0 off
2024-09-30 17:17:29,172 garage switch:0 off
2024-09-30 21:22:48,588 garage rpc off
2024-09-30 21:48:14,930 stolpe switch:0 off
2024-09-30 21:48:14,936 vedbod switch:0 off
2024-09-30 23:48:29,134 garage switch:0 off
2024-10-01 10:25:32,571 vedbod switch:0 off
2024-10-01 12:25:03,742 vedbod switch:0 off
2024-10-01 12:25:28,156 garage rpc off
2024-10-01 14:17:28,050 stolpe switch:0 off
2024-10-01 14:17:28,102 vedbod switch:0 off
2024-10-01 14:17:32,891 garage switch:0 off
2024-10-01 16:24:55,687 garage rpc off
2024-10-01 18:21:42,181 stolpe switch:0 off
2024-10-01 18:21:42,268 garage switch:0 off
2024-10-01 18:21:42,323 vedbod switch:0 off
2024-10-01 20:37:42,947 garage rpc off
2024-10-01 22:52:21,243 vedbod switch:0 off
2024-10-01 22:52:24,064 garage switch:0 off
2024-10-02 00:49:11,046 stolpe switch:0 off
2024-10-02 00:54:06,732 stolpe switch:0 off
2024-10-02 00:54:06,740 stolpe rpc off
2024-10-03 00:06:41,034 stolpe switch:0 off
2024-10-03 00:06:41,152 vedbod switch:0 off
2024-10-03 00:06:45,727 garage switch:0 off
2024-10-03 02:50:29,023 garage rpc off
2024-10-03 04:27:57,828 stolpe switch:0 off
2024-10-03 04:27:57,890 vedbod switch:0 off
2024-10-03 06:37:38,631 garage switch:0 off
2024-10-03 07:20:47,557 garage rpc off
2024-10-03 18:02:34,990 stolpe switch:0 off
2024-10-03 18:02:35,051 vedbod switch:0 off
2024-10-03 18:02:35,057 garage switch:0 off
2024-10-03 20:27:07,102 stolpe switch:0 off
2024-10-03 20:27:07,129 vedbod switch:0 off
2024-10-03 20:27:07,134 garage switch:0 off
2024-10-04 06:38:40,663 vedbod switch:0 off
2024-10-04 06:38:40,682 garage switch:0 off
2024-10-04 06:38:40,807 stolpe switch:0 on
2024-10-04 06:43:09,956 garage rpc off
2024-10-04 11:30:03,334 stolpe switch:0 on
2024-10-04 11:30:03,389 vedbod switch:0 off
2024-10-04 11:30:05,213 garage switch:0 off
2024-10-04 13:54:40,698 garage rpc off
2024-10-04 15:32:29,474 stolpe switch:0 on
2024-10-04 15:32:29,485 vedbod switch:0 off
2024-10-04 15:32:29,690 garage switch:0 off
2024-10-04 18:23:54,652 garage rpc off
2024-10-04 20:17:27,201 garage switch:0 off
2024-10-04 20:17:27,205 stolpe switch:0 off
2024-10-04 20:17:27,211 vedbod switch:0 off
2024-10-05 00:06:12,378 garage rpc off
2024-10-05 01:39:41,654 stolpe switch:0 off
2024-10-05 01:39:41,664 vedbod switch:0 off
2024-10-05 01:39:47,110 garage switch:0 off
2024-10-05 06:55:10,357 garage rpc off
2024-10-05 15:22:43,490 garage switch:0 off
2024-10-05 15:22:43,546 stolpe switch:0 off
2024-10-05 15:22:43,555 vedbod switch:0 off
2024-10-05 19:55:03,511 garage rpc off
2024-10-06 08:17:28,070 stolpe switch:0 off
2024-10-06 08:17:28,106 garage switch:0 off
2024-10-06 08:17:28,156 vedbod switch:0 off
2024-10-06 12:39:35,768 garage rpc off
2024-10-06 14:17:27,051 stolpe switch:0 off
2024-10-06 14:17:27,098 vedbod switch:0 off
2024-10-06 14:17:27,148 garage switch:0 off
2024-10-06 18:55:10,738 stolpe switch:0 on
2024-10-06 18:55:10,741 stolpe rpc on
2024-10-06 19:44:45,315 stolpe switch:0 off
2024-10-06 19:44:45,372 vedbod switch:0 off
2024-10-06 22:33:56,498 garage switch:0 off
2024-10-06 22:38:33,384 garage rpc off
2024-10-07 05:25:58,176 stolpe switch:0 off
2024-10-07 05:25:58,222 garage switch:0 off
2024-10-07 05:25:58,275 vedbod switch:0 off
2024-10-07 09:46:32,009 garage rpc off
2024-10-08 05:25:32,822 stolpe switch:0 off
2024-10-08 05:25:32,833 vedbod switch:0 off
2024-10-08 05:25:38,833 garage switch:0 off
2024-10-08 08:20:33,074 garage rpc off
2024-10-08 10:25:28,286 stolpe switch:0 off
2024-10-08 10:25:28,338 vedbod switch:0 off
2024-10-08 10:25:35,135 garage switch:0 off
2024-10-08 13:29:39,281 garage rpc off
2024-10-08 18:37:23,562 stolpe switch:0 on
2024-10-08 18:37:23,590 garage switch:0 off
2024-10-08 18:37:23,753 vedbod switch:0 off
2024-10-08 22:27:07,328 stolpe switch:0 on
2024-10-08 22:27:07,331 vedbod switch:0 off
2024-10-08 22:27:08,612 stolpe switch:0 off
2024-10-08 22:27:08,615 stolpe rpc off
2024-10-08 22:27:13,029 garage switch:0 off
2024-10-08 22:31:48,454 stolpe switch:0 off
2024-10-08 22:31:48,456 vedbod switch:0 off
2024-10-08 22:31:52,893 garage switch:0 off
2024-10-09 10:17:28,422 stolpe switch:0 off
2024-10-09 10:17:28,465 vedbod switch:0 off
2024-10-09 10:17:28,468 garage switch:0 off
2024-10-09 14:02:47,394 garage rpc off
2024-10-09 20:40:31,692 stolpe switch:0 off
2024-10-09 20:40:31,759 vedbod switch:0 off
2024-10-09 20:40:39,639 garage switch:0 off
2024-10-10 00:20:18,130 garage rpc off
2024-10-10 07:17:27,397 stolpe switch:0 off
2024-10-10 07:17:27,413 vedbod switch:0 off
2024-10-10 07:17:28,847 garage switch:0 off
2024-10-10 10:19:56,125 garage rpc off
2024-10-10 16:37:34,709 stolpe switch:0 on
2024-10-10 16:37:34,755 vedbod switch:0 off
2024-10-10 16:37:35,279 garage switch:0 off
2024-10-10 20:49:33,712 garage rpc off
2024-10-11 05:38:59,203 stolpe switch:0 off
2024-10-11 05:38:59,210 vedbod switch:0 off
2024-10-11 05:39:05,146 garage switch:0 off
2024-10-11 05:47:33,150 garage rpc off
2024-10-11 07:17:27,686 garage switch:0 off
2024-10-11 07:17:27,690 stolpe switch:0 off
2024-10-11 07:17:27,693 vedbod switch:0 off
2024-10-11 10:37:40,946 garage rpc off
2024-10-11 17:21:26,185 stolpe switch:0 off
2024-10-11 17:21:26,224 vedbod switch:0 off
2024-10-11 17:21:33,788 garage switch:0 off
2024-10-11 20:37:10,242 garage rpc off
2024-10-12 03:20:36,770 vedbod switch:0 off
2024-10-12 03:20:36,815 stolpe switch:0 off
2024-10-12 03:20:36,820 garage switch:0 off
2024-10-12 06:23:52,018 garage rpc off
2024-10-12 12:45:45,403 stolpe switch:0 off
2024-10-12 12:45:45,474 vedbod switch:0 off
2024-10-12 12:45:45,477 garage switch:0 off
2024-10-12 16:49:16,556 garage rpc off
2024-10-12 17:53:19,664 vedbod switch:0 off
2024-10-12 17:53:19,671 stolpe switch:0 off
2024-10-12 21:40:48,952 garage rpc off
2024-10-12 23:17:27,863 stolpe switch:0 off
2024-10-12 23:17:27,910 vedbod switch:0 off
2024-10-12 23:17:27,915 garage switch:0 off
2024-10-13 04:12:18,671 garage rpc off
2024-10-13 05:37:13,700 stolpe switch:0 off
2024-10-13 05:37:13,754 vedbod switch:0 off
2024-10-13 05:37:14,084 garage switch:0 off
2024-10-13 09:47:51,369 garage rpc off
2024-10-13 11:17:28,310 stolpe switch:0 off
2024-10-13 11:17:28,324 vedbod switch:0 off
2024-10-13 11:17:29,934 garage switch:0 off
2024-10-13 15:56:18,868 garage rpc off
2024-10-13 17:17:29,042 stolpe switch:0 on
2024-10-13 17:17:29,082 vedbod switch:0 off
2024-10-13 17:17:30,680 garage switch:0 on
2024-10-13 21:55:17,596 garage rpc on
2024-10-14 05:17:28,355 stolpe switch:0 off
2024-10-14 05:17:28,463 vedbod switch:0 off
2024-10-14 05:17:30,228 garage switch:0 off
2024-10-14 09:39:34,349 garage rpc off
2024-10-14 17:17:33,321 stolpe switch:0 on
2024-10-14 17:17:33,329 garage switch:0 on
2024-10-14 17:17:33,331 vedbod switch:0 off
2024-10-14 21:47:57,856 stolpe switch:0 off
2024-10-14 21:47:57,901 vedbod switch:0 off
2024-10-14 23:40:09,484 garage switch:0 off
2024-10-15 00:55:13,548 garage rpc off
2024-10-15 01:56:32,575 stolpe switch:0 off
2024-10-15 01:56:32,580 vedbod switch:0 off
2024-10-15 01:56:32,645 garage switch:0 off
2024-10-15 03:54:39,530 garage rpc off
2024-10-15 05:55:40,443 stolpe switch:0 off
2024-10-15 05:55:40,484 garage switch:0 off
2024-10-15 05:55:40,537 vedbod switch:0 off
2024-10-15 07:55:19,441 garage rpc off
2024-10-15 09:51:58,842 stolpe switch:0 off
2024-10-15 09:51:58,912 vedbod switch:0 off
2024-10-15 11:48:28,674 garage switch:0 off
2024-10-15 12:01:06,337 garage rpc off
2024-10-15 13:30:42,450 stolpe switch:0 off
2024-10-15 13:30:42,513 vedbod switch:0 off
2024-10-15 15:46:43,256 garage switch:0 off
2024-10-15 17:10:35,409 garage rpc off
2024-10-15 17:28:58,607 garage switch:0 on
2024-10-15 17:28:58,626 stolpe switch:0 on
2024-10-15 17:28:58,629 vedbod switch:0 off
2024-10-15 20:48:34,107 garage rpc on
2024-10-16 07:17:28,496 stolpe switch:0 off
2024-10-16 07:17:28,560 vedbod switch:0 off
2024-10-16 07:17:33,955 garage switch:0 off
2024-10-16 09:42:16,404 garage rpc off
2024-10-16 11:50:41,012 garage switch:0 off
2024-10-16 11:50:41,060 stolpe switch:0 off
2024-10-16 11:50:41,063 vedbod switch:0 off
2024-10-16 14:20:38,716 garage rpc off
2024-10-17 01:17:28,420 stolpe switch:0 off
2024-10-17 01:17:28,436 vedbod switch:0 off
2024-10-17 01:17:32,887 garage switch:0 off
2024-10-17 04:33:20,986 garage rpc off
2024-10-17 05:17:27,421 garage switch:0 off
2024-10-17 05:17:27,490 vedbod switch:0 off
2024-10-17 05:17:27,547 stolpe switch:0 off
2024-10-17 08:54:03,661 garage rpc off
2024-10-17 14:36:21,315 garage switch:0 off
2024-10-17 14:36:21,345 stolpe switch:0 off
2024-10-17 14:36:21,352 vedbod switch:0 off
2024-10-17 17:46:30,478 garage rpc off
2024-10-17 19:17:27,195 stolpe switch:0 off
2024-10-17 19:17:27,888 vedbod switch:0 on
2024-10-17 21:48:41,533 garage switch:0 off
2024-10-17 22:03:39,354 garage rpc off
2024-10-17 23:30:54,680 stolpe switch:0 off
2024-10-17 23:30:54,684 garage switch:0 off
2024-10-18 03:00:25,720 garage rpc off
2024-10-18 09:17:27,230 stolpe switch:0 off
2024-10-18 13:05:16,534 garage rpc off
2024-10-18 23:17:27,350 stolpe switch:0 off
2024-10-18 23:17:27,406 garage switch:0 off
2024-10-19 02:03:48,742 garage rpc off
2024-10-19 09:01:02,208 garage switch:0 off
2024-10-19 09:01:02,215 stolpe switch:0 off
2024-10-19 12:03:41,184 garage rpc off
2024-10-19 13:30:11,391 stolpe switch:0 off
2024-10-19 13:30:11,433 garage switch:0 off
2024-10-19 17:03:43,996 garage rpc off
2024-10-20 03:17:27,651 stolpe switch:0 off
2024-10-20 03:17:27,700 garage switch:0 off
2024-10-20 06:14:11,621 vedbod switch:0 off
2024-10-20 06:20:22,364 vedbod switch:0 off
2024-10-20 06:20:22,395 vedbod rpc off
2024-10-20 13:04:25,833 stolpe switch:0 off
2024-10-20 13:04:25,841 garage switch:0 off
2024-10-20 13:04:25,908 vedbod switch:0 off
2024-10-20 15:38:35,937 garage rpc off
2024-10-20 17:18:06,986 stolpe switch:0 on
2024-10-20 17:18:07,044 vedbod switch:0 on
2024-10-20 17:18:07,052 garage switch:0 off
2024-10-20 20:27:57,343 garage rpc on
2024-10-20 21:00:00,064 stolpe rpc off
2024-10-20 21:00:00,070 stolpe switch:0 off
2024-10-20 21:01:00,069 vedbod rpc off
2024-10-20 21:01:00,085 vedbod switch:0 off
2024-10-20 21:03:40,480 garage rpc on
2024-10-21 17:17:28,934 stolpe switch:0 on
2024-10-21 17:17:30,408 garage switch:0 off
2024-10-21 17:17:32,001 vedbod switch:0 on
2024-10-21 20:06:52,071 garage rpc off
2024-10-22 02:35:04,834 vedbod switch:0 on
2024-10-22 02:35:04,860 garage switch:0 off
2024-10-22 02:35:04,864 stolpe switch:0 off
2024-10-22 06:04:22,740 garage rpc off
2024-10-22 07:17:27,979 stolpe switch:0 off
2024-10-22 07:17:28,051 vedbod switch:0 off
2024-10-22 10:09:42,950 garage switch:0 off
2024-10-22 10:29:52,376 vedbod switch:0 off
2024-10-22 10:29:52,398 vedbod rpc off
2024-10-22 16:53:33,189 stolpe switch:0 on
2024-10-22 16:53:33,239 vedbod switch:0 on
2024-10-22 16:53:33,273 garage switch:0 on
2024-10-22 19:42:52,423 garage rpc on
2024-10-22 21:17:26,861 stolpe switch:0 off
2024-10-22 21:17:27,349 garage switch:0 off
2024-10-23 00:16:20,585 vedbod switch:0 off
2024-10-23 00:38:26,030 vedbod switch:0 off
2024-10-23 00:38:26,054 vedbod rpc off
2024-10-23 06:26:00,083 stolpe switch:0 off
2024-10-23 06:26:00,146 vedbod switch:0 off
2024-10-23 06:26:00,172 garage switch:0 off
2024-10-23 11:17:27,432 stolpe switch:0 off
2024-10-23 11:17:27,475 vedbod switch:0 off
2024-10-23 11:17:27,519 garage switch:0 off
2024-10-23 14:16:24,656 vedbod switch:0 off
2024-10-23 14:16:24,701 vedbod rpc off
2024-10-23 20:56:45,106 stolpe switch:0 off
2024-10-23 20:56:45,158 vedbod switch:0 off
2024-10-23 20:56:45,163 garage switch:0 off
2024-10-23 23:57:40,416 garage rpc off
2024-10-24 06:30:26,420 stolpe switch:0 off
2024-10-24 06:30:26,815 vedbod switch:0 off
2024-10-24 06:30:27,796 garage switch:0 off
2024-10-24 10:03:56,962 garage rpc off
2024-10-24 16:17:29,342 garage switch:0 on
2024-10-24 16:17:29,375 vedbod switch:0 on
2024-10-24 16:17:29,407 stolpe switch:0 on
2024-10-24 19:34:59,031 vedbod switch:0 on
2024-10-24 19:34:59,040 garage switch:0 on
2024-10-24 19:34:59,061 stolpe switch:0 on
2024-10-24 19:44:52,015 vedbod switch:0 on
2024-10-24 19:44:52,034 vedbod rpc on
2024-10-24 21:17:28,260 vedbod switch:0 off
2024-10-24 21:17:28,269 stolpe switch:0 off
2024-10-24 21:17:28,286 garage switch:0 off
2024-10-25 07:01:11,544 vedbod switch:0 off
2024-10-25 07:01:11,553 garage switch:0 off
2024-10-25 07:01:11,554 stolpe switch:0 off
2024-10-25 17:00:04,271 stolpe switch:0 on
2024-10-25 17:00:04,310 vedbod switch:0 on
2024-10-25 17:00:04,684 garage switch:0 on
2024-10-25 20:40:36,367 vedbod switch:0 off
2024-10-25 20:40:36,370 vedbod rpc off
2024-10-26 02:17:27,711 vedbod switch:0 off
2024-10-26 02:17:27,762 garage switch:0 on
2024-10-26 02:17:27,767 stolpe switch:0 off
2024-10-26 07:17:27,465 stolpe switch:0 off
2024-10-26 07:17:27,509 vedbod switch:0 off
2024-10-26 07:17:27,557 garage switch:0 off
2024-10-26 10:28:29,303 vedbod switch:0 off
2024-10-26 10:28:29,310 garage switch:0 off
2024-10-26 10:28:29,331 stolpe switch:0 off
2024-10-26 17:00:51,206 vedbod switch:0 on
2024-10-26 17:00:51,250 stolpe switch:0 on
2024-10-26 17:00:51,647 garage switch:0 off
2024-10-26 19:58:21,458 vedbod switch:0 off
2024-10-26 19:58:21,463 vedbod rpc off
2024-10-26 21:00:00,075 stolpe rpc off
2024-10-26 21:00:00,079 stolpe switch:0 off
2024-10-27 02:17:27,439 vedbod switch:0 off
2024-10-27 02:17:27,462 stolpe switch:0 off
2024-10-27 02:17:27,487 garage switch:0 off
2024-10-27 11:17:30,496 vedbod switch:0 off
2024-10-27 11:17:30,555 stolpe switch:0 off
2024-10-27 11:17:30,910 garage switch:0 off
2024-10-27 16:17:27,691 vedbod switch:0 off
2024-10-27 16:17:27,695 garage switch:0 off
2024-10-27 16:17:27,698 stolpe switch:0 on
2024-10-27 21:00:00,049 stolpe rpc off
2024-10-27 21:00:00,052 stolpe switch:0 off
2024-10-28 01:58:14,345 vedbod switch:0 off
2024-10-28 01:58:14,359 garage switch:0 off
2024-10-28 01:58:14,362 stolpe switch:0 off
2024-10-28 06:40:00,071 stolpe rpc on
2024-10-28 06:40:00,076 stolpe switch:0 on
2024-10-28 11:25:05,788 stolpe switch:0 on
2024-10-28 11:25:05,795 vedbod switch:0 off
2024-10-28 11:25:05,797 garage switch:0 off
2024-10-28 16:17:28,605 stolpe switch:0 on
2024-10-28 16:17:28,667 vedbod switch:0 on
2024-10-28 16:17:29,098 garage switch:0 off
2024-10-28 21:00:00,053 stolpe rpc off
2024-10-28 21:00:00,058 stolpe switch:0 off
2024-10-29 02:04:26,075 vedbod switch:0 on
2024-10-29 02:04:26,080 garage switch:0 off
2024-10-29 02:04:26,082 stolpe switch:0 off
2024-10-29 06:22:00,099 vedbod rpc off
2024-10-29 06:22:00,104 vedbod switch:0 off
2024-10-29 06:40:00,070 stolpe rpc on
2024-10-29 06:40:00,072 stolpe switch:0 on
2024-10-29 12:17:28,937 stolpe switch:0 on
2024-10-29 12:17:28,944 vedbod switch:0 off
2024-10-29 12:17:29,401 garage switch:0 off
2024-10-29 21:56:49,305 stolpe switch:0 off
2024-10-29 21:56:49,352 vedbod switch:0 on
2024-10-29 21:56:49,837 garage switch:0 off
2024-10-30 08:17:28,414 vedbod switch:0 off
2024-10-30 08:17:28,430 stolpe switch:0 on
2024-10-30 08:17:28,780 garage switch:0 off
2024-10-30 17:20:23,878 stolpe switch:0 on
2024-10-30 17:20:23,890 vedbod switch:0 on
2024-10-30 17:20:23,943 garage switch:0 off
2024-10-30 21:00:00,037 stolpe rpc off
2024-10-30 21:00:00,044 stolpe switch:0 off
2024-10-30 21:11:43,432 stolpe switch:0 on
2024-10-30 21:11:43,435 stolpe rpc on
2024-10-31 03:17:28,119 vedbod switch:0 off
2024-10-31 03:17:28,125 garage switch:0 off
2024-10-31 03:17:28,129 stolpe switch:0 off
2024-10-31 06:40:00,077 stolpe rpc on
2024-10-31 06:40:00,082 stolpe switch:0 on
2024-10-31 13:17:28,013 vedbod switch:0 off
2024-10-31 13:17:28,063 stolpe switch:0 on
2024-10-31 13:17:28,068 garage switch:0 off
2024-10-31 17:28:00,139 vedbod rpc on
2024-10-31 17:28:00,142 vedbod switch:0 on
2024-10-31 18:17:27,653 garage switch:0 off
2024-10-31 18:17:27,660 stolpe switch:0 on
2024-10-31 18:17:28,085 vedbod switch:0 on
2024-10-31 22:55:28,666 vedbod switch:0 on
2024-10-31 22:55:28,677 stolpe switch:0 on
2024-10-31 22:55:29,886 garage switch:0 off
2024-10-31 22:55:30,081 vedbod switch:0 off
2024-10-31 22:55:30,100 vedbod rpc off
2024-10-31 22:55:31,333 stolpe switch:0 off
2024-10-31 22:55:31,335 stolpe rpc off
2024-11-01 04:01:38,665 vedbod switch:0 off
2024-11-01 04:01:38,678 garage switch:0 off
2024-11-01 04:01:38,681 stolpe switch:0 on
2024-11-01 13:21:51,179 vedbod switch:0 off
2024-11-01 13:21:51,185 garage switch:0 off
2024-11-01 13:21:51,190 stolpe switch:0 on
2024-11-01 23:17:27,317 vedbod switch:0 off
2024-11-01 23:17:27,367 garage switch:0 off
2024-11-01 23:17:27,369 stolpe switch:0 off
2024-11-02 04:17:27,345 vedbod switch:0 off
2024-11-02 04:17:27,357 garage switch:0 off
2024-11-02 04:17:27,359 stolpe switch:0 off
2024-11-02 13:59:54,159 vedbod switch:0 off
2024-11-02 13:59:54,203 stolpe switch:0 on
2024-11-02 13:59:54,205 garage switch:0 off
2024-11-02 23:58:50,042 stolpe switch:0 off
2024-11-02 23:58:50,090 vedbod switch:0 off
2024-11-02 23:58:51,100 garage switch:0 off
2024-11-03 09:18:03,061 stolpe switch:0 off
2024-11-03 09:18:03,105 vedbod switch:0 off
2024-11-03 09:18:03,109 garage switch:0 off
2024-11-03 13:57:53,153 vedbod switch:0 off
2024-11-03 13:57:53,168 stolpe switch:0 off
2024-11-03 13:57:53,537 garage switch:0 off
2024-11-03 14:03:03,331 vedbod switch:0 off
2024-11-03 14:03:03,337 garage switch:0 off
2024-11-03 14:03:03,350 stolpe switch:0 off
2024-11-03 19:33:16,441 stolpe switch:0 off
2024-11-03 19:33:16,445 vedbod switch:0 off
2024-11-03 19:33:16,447 garage switch:0 off
2024-11-04 05:17:28,480 stolpe switch:0 on
2024-11-04 05:17:28,521 vedbod switch:0 off
2024-11-04 05:17:28,574 garage switch:0 off
2024-11-04 10:17:27,990 stolpe switch:0 on
2024-11-04 10:17:28,018 vedbod switch:0 off
2024-11-04 10:17:28,478 garage switch:0 off
2024-11-04 15:17:27,578 stolpe switch:0 on
2024-11-04 15:17:27,619 vedbod switch:0 on
2024-11-04 15:17:27,624 garage switch:0 off
2024-11-04 19:48:10,558 vedbod switch:0 on
2024-11-04 19:48:10,584 garage switch:0 off
2024-11-04 19:48:10,616 stolpe switch:0 on
2024-11-04 19:48:14,522 garage rpc on
2024-11-04 19:48:15,723 vedbod switch:0 on
2024-11-04 19:48:15,729 garage switch:0 on
2024-11-04 19:48:15,746 stolpe switch:0 on
2024-11-04 19:53:20,935 vedbod switch:0 on
2024-11-04 19:53:20,955 stolpe switch:0 off
2024-11-04 19:53:21,391 garage switch:0 on
2024-11-04 23:28:58,763 vedbod switch:0 on
2024-11-04 23:28:58,766 garage switch:0 on
2024-11-04 23:28:58,794 stolpe switch:0 off
2024-11-04 23:29:01,195 garage rpc off
2024-11-04 23:29:02,302 vedbod switch:0 off
2024-11-04 23:29:02,305 vedbod rpc off
2024-11-04 23:29:04,077 vedbod switch:0 off
2024-11-04 23:29:04,081 garage switch:0 off
2024-11-04 23:29:04,098 stolpe switch:0 off
2024-11-04 23:29:55,850 vedbod switch:0 off
2024-11-04 23:29:55,862 stolpe switch:0 off
2024-11-04 23:29:56,554 garage switch:0 off
2024-11-05 05:56:20,472 stolpe switch:0 off
2024-11-05 05:56:20,528 vedbod switch:0 off
2024-11-05 05:56:20,731 garage switch:0 off
2024-11-05 10:41:28,437 stolpe switch:0 off
2024-11-05 10:41:28,494 vedbod switch:0 off
2024-11-05 10:41:28,961 garage switch:0 off
2024-11-05 15:17:26,943 stolpe switch:0 on
2024-11-05 15:17:26,983 vedbod switch:0 on
2024-11-05 15:17:27,059 garage switch:0 off
2024-11-05 20:08:00,260 vedbod switch:0 off
2024-11-05 20:08:00,264 vedbod rpc off
2024-11-06 01:49:49,069 stolpe switch:0 off
2024-11-06 01:49:49,132 vedbod switch:0 off
2024-11-06 01:49:49,135 garage switch:0 off
2024-11-06 06:40:00,073 stolpe rpc on
2024-11-06 06:40:00,078 stolpe switch:0 on
2024-11-06 06:43:00,107 stolpe rpc off
2024-11-06 06:43:00,112 stolpe switch:0 off
2024-11-06 11:17:27,530 vedbod switch:0 off
2024-11-06 11:17:27,559 garage switch:0 off
2024-11-06 11:17:27,606 stolpe switch:0 off
2024-11-06 21:32:21,457 vedbod switch:0 on
2024-11-06 21:32:21,502 garage switch:0 off
2024-11-06 21:32:21,515 stolpe switch:0 off
2024-11-07 03:05:01,661 stolpe switch:0 off
2024-11-07 03:05:01,977 vedbod switch:0 on
2024-11-07 03:05:02,440 garage switch:0 off
2024-11-07 06:40:00,034 stolpe rpc on
2024-11-07 06:40:00,036 stolpe switch:0 on
2024-11-07 06:43:00,114 vedbod rpc off
2024-11-07 06:43:00,119 vedbod switch:0 off
2024-11-07 06:46:00,102 stolpe rpc off
2024-11-07 06:46:00,111 stolpe switch:0 off
2024-11-07 12:37:03,401 vedbod switch:0 off
2024-11-07 12:37:03,455 garage switch:0 off
2024-11-07 12:37:03,458 stolpe switch:0 off
2024-11-07 16:45:00,102 stolpe rpc on
2024-11-07 16:45:00,123 stolpe switch:0 on
2024-11-07 22:25:36,145 vedbod switch:0 on
2024-11-07 22:25:36,155 garage switch:0 off
2024-11-07 22:25:36,158 stolpe switch:0 off
2024-11-08 08:45:53,922 stolpe switch:0 off
2024-11-08 08:45:53,973 vedbod switch:0 off
2024-11-08 08:45:53,974 garage switch:0 off
2024-11-08 18:43:53,438 stolpe switch:0 off
2024-11-08 18:43:53,487 vedbod switch:0 on
2024-11-08 18:43:53,921 garage switch:0 off
2024-11-08 23:33:56,065 vedbod switch:0 off
2024-11-08 23:33:56,069 vedbod rpc off
2024-11-08 23:43:26,543 vedbod switch:0 off
2024-11-08 23:43:26,556 stolpe switch:0 off
2024-11-08 23:43:26,571 garage switch:0 off
2024-11-09 10:17:28,212 vedbod switch:0 off
2024-11-09 10:17:28,268 garage switch:0 off
2024-11-09 10:17:28,271 stolpe switch:0 off
2024-11-09 20:26:44,187 vedbod switch:0 on
2024-11-09 20:26:44,196 garage switch:0 off
2024-11-09 20:26:44,202 stolpe switch:0 off
2024-11-09 23:46:05,233 vedbod switch:0 on
2024-11-09 23:46:05,243 stolpe switch:0 off
2024-11-09 23:46:05,247 garage switch:0 off
2024-11-09 23:46:07,178 vedbod switch:0 off
2024-11-09 23:46:07,183 vedbod rpc off
2024-11-10 01:49:57,864 stolpe switch:0 off
2024-11-10 01:49:57,899 vedbod switch:0 off
2024-11-10 01:49:57,945 garage switch:0 off
2024-11-10 11:17:27,128 stolpe switch:0 off
2024-11-10 11:17:27,144 vedbod switch:0 off
2024-11-10 11:17:27,145 garage switch:0 off
2024-11-10 16:38:00,064 stolpe rpc on
2024-11-10 16:38:00,072 stolpe switch:0 on
2024-11-10 21:17:29,842 vedbod switch:0 off
2024-11-10 21:17:29,893 garage switch:0 off
2024-11-10 21:17:32,421 stolpe switch:0 off
2024-11-11 02:23:16,842 vedbod switch:0 off
2024-11-11 02:23:16,848 garage switch:0 off
2024-11-11 06:01:15,854 stolpe switch:0 off
2024-11-11 06:01:15,857 stolpe rpc off
2024-11-11 12:44:15,774 vedbod switch:0 off
2024-11-11 12:44:15,823 garage switch:0 off
2024-11-11 12:44:16,626 stolpe switch:0 off
2024-11-11 16:03:55,021 stolpe switch:0 off
2024-11-11 16:03:55,026 stolpe rpc off
2024-11-11 22:17:28,598 vedbod switch:0 off
2024-11-11 22:17:28,602 stolpe switch:0 off
2024-11-11 22:17:28,604 garage switch:0 off
2024-11-12 02:03:59,229 stolpe switch:0 off
2024-11-12 02:03:59,234 stolpe rpc off
2024-11-12 08:33:34,818 stolpe switch:0 off
2024-11-12 08:33:34,840 vedbod switch:0 off
2024-11-12 08:33:34,848 garage switch:0 off
2024-11-12 11:52:10,469 stolpe switch:0 off
2024-11-12 11:52:10,490 stolpe rpc off
2024-11-12 18:33:14,244 vedbod switch:0 on
2024-11-12 18:33:14,251 stolpe switch:0 off
2024-11-12 18:33:14,254 garage switch:0 off
2024-11-12 21:37:02,587 stolpe switch:0 off
2024-11-12 21:37:02,619 stolpe rpc off
2024-11-13 04:27:06,744 stolpe switch:0 off
2024-11-13 04:27:06,794 vedbod switch:0 off
2024-11-13 04:27:07,246 garage switch:0 off
2024-11-13 14:17:27,455 stolpe switch:0 on
2024-11-13 14:17:27,509 vedbod switch:0 on
2024-11-13 14:17:27,973 garage switch:0 off
2024-11-13 18:28:58,559 garage rpc on
2024-11-14 00:27:55,611 vedbod switch:0 off
2024-11-14 00:27:55,619 stolpe switch:0 off
2024-11-14 00:27:55,621 garage switch:0 off
2024-11-14 10:28:26,004 stolpe switch:0 off
2024-11-14 10:28:26,066 vedbod switch:0 off
2024-11-14 10:28:26,110 garage switch:0 off
2024-11-14 20:17:27,380 stolpe switch:0 off
2024-11-14 20:17:27,416 vedbod switch:0 on
2024-11-14 20:17:27,468 garage switch:0 off
2024-11-15 00:46:40,933 vedbod switch:0 on
2024-11-15 00:46:40,937 garage switch:0 off
2024-11-15 00:46:40,945 stolpe switch:0 off
2024-11-15 06:17:27,452 vedbod switch:0 off
2024-11-15 06:17:27,458 stolpe switch:0 off
2024-11-15 06:17:27,932 garage switch:0 off
2024-11-15 15:54:43,504 vedbod switch:0 on
2024-11-15 15:54:43,557 garage switch:0 off
2024-11-15 15:54:43,560 stolpe switch:0 on
2024-11-15 21:00:00,120 stolpe rpc off
2024-11-15 21:00:00,127 stolpe switch:0 off
2024-11-16 01:51:27,249 vedbod switch:0 off
2024-11-16 01:51:27,258 stolpe switch:0 off
2024-11-16 01:51:27,720 garage switch:0 off
2024-11-16 16:32:38,925 stolpe switch:0 on
2024-11-16 16:32:38,975 garage switch:0 off
2024-11-16 16:32:39,437 vedbod switch:0 on
2024-11-16 21:00:00,078 stolpe rpc off
2024-11-16 21:00:00,082 stolpe switch:0 off
2024-11-17 02:17:28,227 vedbod switch:0 off
2024-11-17 02:17:28,321 stolpe switch:0 off
2024-11-17 02:17:28,330 garage switch:0 off
2024-11-17 15:30:44,891 vedbod switch:0 off
2024-11-17 15:30:44,897 stolpe switch:0 off
2024-11-17 15:30:45,354 garage switch:0 off
2024-11-17 16:25:00,079 stolpe rpc on
2024-11-17 16:25:00,083 stolpe switch:0 on
2024-11-17 22:17:27,037 stolpe switch:0 off
2024-11-17 22:17:27,053 vedbod switch:0 off
2024-11-17 22:17:27,067 garage switch:0 off
2024-11-18 07:42:11,171 stolpe switch:0 off
2024-11-18 07:42:11,221 vedbod switch:0 off
2024-11-18 07:42:11,223 garage switch:0 off
2024-11-18 12:32:38,466 stolpe switch:0 off
2024-11-18 12:32:38,471 vedbod switch:0 off
2024-11-18 12:32:38,518 garage switch:0 off
2024-11-18 16:23:00,071 stolpe rpc on
2024-11-18 16:23:00,074 stolpe switch:0 on
2024-11-18 16:50:00,175 vedbod rpc on
2024-11-18 16:50:00,179 vedbod switch:0 on
2024-11-19 02:17:27,350 vedbod switch:0 on
2024-11-19 02:17:28,391 garage switch:0 off
2024-11-19 02:17:31,506 stolpe switch:0 off
2024-11-19 05:46:40,002 stolpe switch:0 off
2024-11-19 11:42:47,474 stolpe switch:0 off
2024-11-19 11:42:47,498 vedbod switch:0 off
2024-11-19 11:42:47,512 garage switch:0 off
2024-11-19 16:21:00,085 stolpe rpc on
2024-11-19 16:21:00,087 stolpe switch:0 on
2024-11-20 02:35:29,709 stolpe switch:0 off
2024-11-20 02:35:29,758 vedbod switch:0 off
2024-11-20 02:35:29,760 garage switch:0 off
2024-11-20 06:04:02,060 stolpe switch:0 off
2024-11-20 06:04:02,065 stolpe rpc off
2024-11-20 09:17:27,556 stolpe switch:0 off
2024-11-20 09:17:27,599 vedbod switch:0 off
2024-11-20 09:17:27,659 garage switch:0 off
2024-11-20 21:46:14,759 vedbod switch:0 on
2024-11-20 21:46:14,763 garage switch:0 off
2024-11-20 21:46:14,765 stolpe switch:0 off
2024-11-21 00:59:26,508 stolpe rpc off
2024-11-21 00:59:26,598 stolpe switch:0 off
2024-11-21 12:28:01,279 stolpe switch:0 off
2024-11-21 12:28:01,284 vedbod switch:0 off
2024-11-21 12:28:01,286 garage switch:0 off
2024-11-21 15:27:33,231 stolpe switch:0 off
2024-11-21 15:27:33,289 stolpe rpc off
2024-11-22 00:52:55,425 vedbod switch:0 off
2024-11-22 00:52:55,431 stolpe switch:0 off
2024-11-22 00:52:55,432 garage switch:0 off
2024-11-22 01:03:52,505 stolpe switch:0 off
2024-11-22 01:03:52,511 stolpe rpc off
2024-11-22 02:38:13,774 vedbod switch:0 off
2024-11-22 02:38:13,786 garage switch:0 off
2024-11-22 02:38:20,328 stolpe switch:0 off
2024-11-22 16:34:53,392 vedbod switch:0 on
2024-11-22 16:34:53,451 garage switch:0 off
2024-11-22 16:34:57,162 stolpe switch:0 on
2024-11-22 19:47:44,913 stolpe switch:0 on
2024-11-22 19:47:44,922 stolpe rpc on
2024-11-23 05:07:27,302 garage switch:0 off
2024-11-23 05:07:27,331 vedbod switch:0 off
2024-11-23 05:07:29,329 stolpe switch:0 off
2024-11-23 06:04:02,057 stolpe switch:0 off
2024-11-23 06:04:02,090 stolpe rpc off
2024-11-23 11:36:36,633 vedbod switch:0 off
2024-11-23 11:36:37,111 garage switch:0 off
2024-11-23 11:36:42,206 stolpe switch:0 off
2024-11-23 15:06:06,606 stolpe rpc off
2024-11-23 15:06:06,638 stolpe switch:0 off
2024-11-23 16:34:29,810 vedbod switch:0 on
2024-11-23 16:34:29,821 stolpe switch:0 on
2024-11-23 16:34:30,280 garage switch:0 off
2024-11-23 20:04:10,465 stolpe switch:0 on
2024-11-23 20:04:10,470 stolpe rpc on
2024-11-24 08:17:28,080 vedbod switch:0 off
2024-11-24 08:17:28,563 garage switch:0 off
2024-11-24 11:35:15,602 stolpe switch:0 off
2024-11-24 12:10:34,118 stolpe rpc off
2024-11-24 12:10:34,148 stolpe switch:0 off
2024-11-24 13:17:29,013 stolpe switch:0 on
2024-11-24 13:17:29,072 vedbod switch:0 on
2024-11-24 13:17:29,075 garage switch:0 on
2024-11-24 17:04:36,592 vedbod switch:0 on
2024-11-24 17:04:36,596 stolpe switch:0 on
2024-11-24 17:04:36,994 garage switch:0 on
2024-11-24 23:43:20,700 stolpe switch:0 off
2024-11-24 23:43:20,754 vedbod switch:0 off
2024-11-24 23:43:20,758 garage switch:0 off
2024-11-25 05:20:34,997 vedbod switch:0 off
2024-11-25 05:20:35,034 garage switch:0 off
2024-11-25 05:20:35,036 stolpe switch:0 off
2024-11-25 09:37:38,610 stolpe switch:0 off
2024-11-25 09:37:38,612 stolpe rpc off
2024-11-25 11:17:27,437 vedbod switch:0 off
2024-11-25 11:17:27,482 stolpe switch:0 off
2024-11-25 11:17:27,809 garage switch:0 off
2024-11-25 16:12:00,080 stolpe rpc on
2024-11-25 16:12:00,083 stolpe switch:0 on
2024-11-25 22:17:27,352 stolpe switch:0 off
2024-11-25 22:17:27,407 vedbod switch:0 on
2024-11-25 22:17:27,417 garage switch:0 on
2024-11-26 03:31:37,402 stolpe switch:0 on
2024-11-26 03:31:37,465 vedbod switch:0 on
2024-11-26 03:31:37,516 garage switch:0 on
2024-11-26 07:24:00,107 vedbod rpc off
2024-11-26 07:24:00,154 vedbod switch:0 off
2024-11-26 07:28:00,068 stolpe rpc off
2024-11-26 07:28:00,075 stolpe switch:0 off
2024-11-26 09:17:29,423 vedbod switch:0 off
2024-11-26 09:17:29,429 garage switch:0 off
2024-11-26 09:17:29,442 stolpe switch:0 off
2024-11-26 19:48:07,924 vedbod switch:0 off
2024-11-26 19:48:07,938 stolpe switch:0 off
2024-11-26 19:48:07,941 garage switch:0 off
2024-11-27 11:35:29,520 vedbod switch:0 off
2024-11-27 11:35:29,581 stolpe switch:0 off
2024-11-27 11:35:29,984 garage switch:0 on
2024-11-27 15:46:56,612 garage rpc off
2024-11-27 16:09:00,138 stolpe rpc on
2024-11-27 16:09:00,141 stolpe switch:0 on
2024-11-27 16:53:53,633 vedbod switch:0 on
2024-11-27 16:53:53,640 stolpe switch:0 on
2024-11-27 16:53:54,052 garage switch:0 off
2024-11-27 19:03:53,751 vedbod switch:0 off
2024-11-27 19:03:53,754 vedbod rpc off
2024-11-27 19:04:00,694 garage rpc on
2024-11-27 19:04:02,656 vedbod switch:0 on
2024-11-27 19:04:02,667 vedbod rpc on
2024-11-27 19:04:12,682 garage rpc off
2024-11-27 21:00:00,075 stolpe rpc off
2024-11-27 21:00:00,081 stolpe switch:0 off
2024-11-28 09:17:27,636 stolpe switch:0 off
2024-11-28 09:17:27,664 vedbod switch:0 off
2024-11-28 09:17:27,672 garage switch:0 off
2024-11-28 12:10:45,969 vedbod switch:0 off
2024-11-28 12:10:46,082 garage switch:0 off
2024-11-28 12:10:46,084 stolpe switch:0 off
2024-11-29 12:17:54,471 vedbod switch:0 off
2024-11-29 12:17:54,477 stolpe switch:0 off
2024-11-29 12:17:54,481 garage switch:0 off
2024-11-29 16:07:00,085 stolpe rpc on
2024-11-29 16:07:00,087 stolpe switch:0 on
2024-11-29 16:01:18,974 stolpe switch:0 on
2024-11-29 16:01:18,981 vedbod switch:0 on
2024-11-29 16:01:19,021 garage switch:0 off
2024-11-29 19:17:26,816 stolpe switch:0 on
2024-11-29 19:17:26,873 vedbod switch:0 on
2024-11-29 19:17:26,877 garage switch:0 off
2024-11-29 21:00:00,090 stolpe rpc off
2024-11-29 21:00:00,094 stolpe switch:0 off
2024-11-29 23:22:06,572 vedbod switch:0 on
2024-11-29 23:22:06,619 stolpe switch:0 off
2024-11-29 23:22:06,623 garage switch:0 off
2024-11-30 03:23:02,584 vedbod switch:0 on
2024-11-30 03:23:02,642 stolpe switch:0 off
2024-11-30 03:23:03,027 garage switch:0 off
2024-11-30 07:48:54,805 vedbod switch:0 on
2024-11-30 07:48:54,814 garage switch:0 off
2024-11-30 07:48:54,851 stolpe switch:0 off
2024-11-30 10:09:27,316 vedbod switch:0 off
2024-11-30 10:09:27,319 vedbod rpc off
2024-11-30 11:17:28,348 stolpe switch:0 off
2024-11-30 11:17:28,355 vedbod switch:0 off
2024-11-30 11:17:28,811 garage switch:0 off
2024-12-02 10:15:45,877 stolpe switch:0 off
2024-12-02 10:15:45,931 vedbod switch:0 off
2024-12-02 10:15:51,687 garage switch:0 off
2024-12-02 11:57:45,141 garage rpc off
2024-12-02 14:17:27,548 stolpe switch:0 off
2024-12-02 14:17:27,583 vedbod switch:0 off
2024-12-02 15:41:19,352 garage switch:0 off
2024-12-02 15:48:59,462 vedbod switch:0 off
2024-12-02 15:48:59,486 vedbod rpc off
2024-12-03 17:58:34,224 stolpe switch:0 on
2024-12-03 19:27:08,647 garage switch:0 off
2024-12-03 19:48:40,879 garage rpc off
2024-12-03 21:43:31,254 stolpe switch:0 off
2024-12-03 21:43:31,303 garage switch:0 off
2024-12-03 23:28:46,137 garage rpc off
2024-12-04 02:11:53,023 stolpe switch:0 off
2024-12-04 02:11:53,076 garage switch:0 off
2024-12-04 03:39:28,319 garage rpc off
2024-12-04 05:43:14,469 stolpe switch:0 on
2024-12-04 07:06:29,902 garage switch:0 off
2024-12-04 07:06:55,066 garage rpc off
2024-12-04 19:26:28,710 stolpe switch:0 off
2024-12-04 19:26:30,671 garage rpc off
2024-12-04 23:38:11,218 vedbod switch:0 off
2024-12-04 23:38:11,287 stolpe switch:0 off
2024-12-04 23:38:11,310 garage switch:0 off
2024-12-05 01:13:20,089 garage rpc off
2024-12-05 03:22:55,790 garage switch:0 off
2024-12-05 03:22:55,800 stolpe switch:0 off
2024-12-05 04:55:28,209 vedbod switch:0 off
2024-12-05 05:03:50,599 garage rpc off
2024-12-05 17:11:56,100 stolpe switch:0 on
2024-12-05 17:12:08,044 garage rpc on
2024-12-05 17:12:08,050 garage switch:0 off
2024-12-05 17:57:52,130 stolpe switch:0 on
2024-12-05 17:57:52,137 garage switch:0 on
2024-12-05 19:49:13,811 vedbod switch:0 on
2024-12-05 19:49:13,860 vedbod rpc on
2024-12-06 12:17:28,803 stolpe switch:0 off
2024-12-06 12:17:28,843 garage switch:0 off
2024-12-06 13:34:27,524 vedbod switch:0 off
2024-12-06 13:34:27,550 vedbod rpc off
2024-12-06 15:48:43,100 garage switch:0 off
2024-12-06 15:48:43,105 stolpe switch:0 on
2024-12-06 17:45:53,481 garage rpc off
2024-12-06 19:17:31,727 garage switch:0 off
2024-12-06 19:17:31,744 stolpe switch:0 on
2024-12-06 20:58:59,259 garage rpc off
2024-12-06 23:17:28,117 stolpe switch:0 off
2024-12-06 23:17:28,168 garage switch:0 off
2024-12-07 00:41:05,721 garage rpc off
2024-12-07 14:09:19,714 stolpe switch:0 off
2024-12-07 14:09:19,745 garage switch:0 off
2024-12-07 15:58:49,016 stolpe rpc on
2024-12-07 15:58:49,019 stolpe switch:0 on
2024-12-07 16:04:23,057 garage rpc off
2024-12-07 21:58:46,251 stolpe switch:0 off
2024-12-07 21:58:46,299 vedbod switch:0 off
2024-12-07 21:58:46,303 garage switch:0 off
2024-12-07 23:45:40,477 garage rpc off
2024-12-08 01:46:40,626 stolpe switch:0 off
2024-12-08 03:19:33,132 garage switch:0 off
2024-12-08 04:02:14,594 garage rpc off
2024-12-08 05:35:50,240 stolpe switch:0 off
2024-12-08 05:35:50,314 garage switch:0 off
2024-12-08 08:15:40,263 garage rpc off
2024-12-08 13:23:14,862 stolpe switch:0 off
2024-12-08 13:23:18,251 garage switch:0 off
2024-12-08 15:31:58,861 garage rpc off
2024-12-08 17:22:40,096 stolpe switch:0 on
2024-12-08 17:22:45,860 garage switch:0 off
2024-12-08 18:42:15,624 vedbod switch:0 off
2024-12-08 18:46:32,309 vedbod switch:0 off
2024-12-08 18:46:32,347 vedbod rpc off
2024-12-09 15:32:20,011 stolpe switch:0 on
2024-12-09 15:32:20,054 garage switch:0 off
2024-12-09 18:04:00,281 garage rpc off
2024-12-09 21:13:34,935 stolpe switch:0 off
2024-12-09 21:13:36,919 garage switch:0 off
2024-12-09 21:17:27,678 garage rpc off
2024-12-09 23:17:26,370 stolpe switch:0 off
2024-12-09 23:17:26,416 garage switch:0 off
2024-12-10 03:30:42,591 stolpe switch:0 off
2024-12-10 03:30:43,467 garage switch:0 off
2024-12-10 05:04:13,479 garage rpc off
2024-12-10 13:51:21,466 stolpe switch:0 off
2024-12-10 13:51:21,478 vedbod switch:0 off
2024-12-10 13:51:21,488 garage switch:0 off
2024-12-10 15:45:26,616 vedbod switch:0 off
2024-12-10 15:45:26,663 vedbod rpc off
2024-12-10 17:33:33,496 stolpe switch:0 on
2024-12-10 18:54:43,093 garage switch:0 off
2024-12-10 18:55:22,376 stolpe rpc on
2024-12-10 18:55:22,400 stolpe switch:0 on
2024-12-10 21:17:26,481 stolpe switch:0 off
2024-12-10 22:48:48,250 vedbod switch:0 off
2024-12-10 22:48:53,909 garage switch:0 off
2024-12-10 22:55:33,189 vedbod switch:0 off
2024-12-10 22:55:33,213 vedbod rpc off
2024-12-11 01:17:34,147 vedbod switch:0 off
2024-12-11 01:17:34,218 garage switch:0 off
2024-12-11 01:17:34,227 stolpe switch:0 off
2024-12-11 03:25:46,207 stolpe switch:0 off
2024-12-11 03:25:46,219 stolpe rpc off
2024-12-12 03:40:36,263 stolpe switch:0 off
2024-12-12 03:40:36,331 garage switch:0 off
2024-12-12 05:24:23,076 vedbod switch:0 off
2024-12-12 05:24:23,181 vedbod rpc off
2024-12-12 07:25:39,780 stolpe switch:0 off
2024-12-12 08:47:44,880 garage rpc off
2024-12-12 11:03:37,084 stolpe switch:0 off
2024-12-12 11:03:37,200 vedbod switch:0 off
2024-12-12 11:03:40,695 garage switch:0 off
2024-12-12 12:31:35,552 garage rpc off
2024-12-12 15:17:29,385 stolpe switch:0 on
2024-12-12 15:17:31,446 garage switch:0 off
2024-12-12 15:17:34,508 vedbod switch:0 on
2024-12-12 17:04:01,693 garage rpc off
2024-12-13 09:42:42,059 stolpe switch:0 off
2024-12-13 11:00:54,965 garage switch:0 off
2024-12-13 11:07:04,119 vedbod switch:0 off
2024-12-13 11:07:04,145 vedbod rpc off
2024-12-13 13:17:26,901 garage switch:0 off
2024-12-13 13:17:28,569 stolpe switch:0 off
2024-12-13 14:56:21,394 stolpe switch:0 off
2024-12-13 14:56:21,397 stolpe rpc off
2024-12-13 17:08:57,366 vedbod switch:0 on
2024-12-13 17:08:57,418 garage switch:0 off
2024-12-13 17:08:57,422 stolpe switch:0 on
2024-12-14 11:47:05,104 garage switch:0 off
2024-12-14 11:47:07,714 stolpe switch:0 off
2024-12-14 13:25:29,723 vedbod switch:0 off
2024-12-14 13:33:48,973 garage rpc off
2024-12-14 15:17:33,470 vedbod switch:0 off
2024-12-14 17:21:54,294 stolpe switch:0 on
2024-12-14 17:21:59,472 garage switch:0 off
2024-12-14 17:28:52,980 garage rpc off
2024-12-14 19:21:13,319 vedbod switch:0 off
2024-12-14 19:21:13,334 stolpe switch:0 off
2024-12-14 21:52:05,584 garage rpc off
2024-12-14 23:17:27,279 vedbod switch:0 off
2024-12-14 23:17:27,299 garage switch:0 off
2024-12-14 23:17:28,094 stolpe switch:0 off
2024-12-15 01:21:18,843 garage rpc off
2024-12-15 04:05:31,489 vedbod switch:0 off
2024-12-15 04:05:31,551 stolpe switch:0 off
2024-12-15 05:28:01,681 garage switch:0 off
2024-12-15 05:57:35,838 garage rpc off
2024-12-15 08:17:27,361 vedbod switch:0 off
2024-12-15 08:17:30,577 garage switch:0 off
2024-12-15 08:17:31,498 stolpe switch:0 off
2024-12-15 09:51:14,602 garage rpc off
2024-12-15 11:17:30,115 garage switch:0 off
2024-12-15 11:17:30,124 vedbod switch:0 off
2024-12-15 11:17:30,127 stolpe switch:0 off
2024-12-15 15:17:27,362 stolpe switch:0 on
2024-12-15 15:17:27,458 vedbod switch:0 off
2024-12-15 15:17:27,480 garage switch:0 off
2024-12-15 18:09:47,237 vedbod switch:0 off
2024-12-15 18:09:47,292 vedbod rpc off
2024-12-15 18:22:07,252 vedbod switch:0 off
2024-12-15 18:22:07,318 garage switch:0 off
2024-12-15 20:10:40,203 stolpe rpc on
2024-12-15 20:10:40,223 stolpe switch:0 on
2024-12-15 23:41:46,943 stolpe switch:0 off
2024-12-15 23:41:50,824 garage switch:0 off
2024-12-15 23:48:32,443 garage rpc off
2024-12-16 01:58:09,032 stolpe switch:0 off
2024-12-16 01:58:09,175 garage switch:0 off
2024-12-16 03:49:55,912 stolpe switch:0 off
2024-12-16 03:49:55,916 stolpe rpc off
2024-12-16 06:17:27,011 stolpe switch:0 on
2024-12-16 06:17:27,117 garage switch:0 off
2024-12-16 07:58:00,101 stolpe rpc off
2024-12-16 07:58:00,103 stolpe switch:0 off
2024-12-16 08:42:24,258 garage rpc off
2024-12-16 09:58:04,550 stolpe switch:0 off
2024-12-16 09:58:05,052 garage switch:0 off
2024-12-16 11:42:51,649 garage rpc off
2024-12-16 13:39:23,354 stolpe switch:0 off
2024-12-16 13:39:23,523 garage switch:0 off
2024-12-16 15:31:58,769 garage rpc off
2024-12-16 17:17:27,287 stolpe switch:0 on
2024-12-16 18:58:24,500 garage switch:0 off
2024-12-16 19:00:10,046 garage rpc off
2024-12-16 21:25:27,625 stolpe switch:0 off
2024-12-16 21:25:27,722 vedbod switch:0 off
2024-12-16 21:25:28,992 garage switch:0 off
2024-12-16 23:10:44,777 garage rpc off
2024-12-17 01:17:35,421 stolpe switch:0 off
2024-12-17 01:17:37,561 vedbod switch:0 off
2024-12-17 01:17:40,684 garage switch:0 off
2024-12-17 02:52:15,102 garage rpc off
2024-12-17 06:57:25,647 garage switch:0 off
2024-12-17 06:57:26,051 vedbod switch:0 off
2024-12-17 06:57:30,257 stolpe switch:0 on
2024-12-17 07:14:31,929 vedbod switch:0 off
2024-12-17 07:14:31,933 vedbod rpc off
2024-12-17 09:17:28,139 vedbod switch:0 off
2024-12-17 09:17:28,283 stolpe switch:0 off
2024-12-17 09:17:28,287 garage switch:0 off
2024-12-17 10:51:27,883 stolpe switch:0 off
2024-12-17 10:51:27,967 stolpe rpc off
2024-12-17 12:52:49,614 stolpe switch:0 off
2024-12-17 12:52:49,655 garage switch:0 off
2024-12-17 12:52:51,576 vedbod switch:0 off
2024-12-17 16:45:59,110 garage switch:0 off
2024-12-17 16:45:59,125 stolpe switch:0 on
2024-12-17 16:46:04,891 vedbod switch:0 on
2024-12-17 18:41:24,935 vedbod switch:0 on
2024-12-17 18:41:25,033 vedbod rpc on
2024-12-17 20:36:06,460 vedbod switch:0 off
2024-12-17 20:36:13,354 garage switch:0 off
2024-12-17 20:36:13,527 stolpe switch:0 off
2024-12-17 22:51:25,101 stolpe switch:0 off
2024-12-17 22:51:25,110 stolpe rpc off
2024-12-18 00:17:31,273 stolpe switch:0 off
2024-12-18 01:51:52,699 garage switch:0 off
2024-12-18 01:51:55,903 vedbod switch:0 off
2024-12-18 01:52:43,087 vedbod switch:0 off
2024-12-18 01:52:43,118 vedbod rpc off
2024-12-18 04:42:27,380 vedbod switch:0 off
2024-12-18 04:42:27,425 garage switch:0 off
2024-12-18 06:04:46,697 stolpe switch:0 off
2024-12-18 08:17:39,007 stolpe switch:0 off
2024-12-18 08:17:43,045 garage switch:0 off
2024-12-18 09:54:06,099 vedbod switch:0 off
2024-12-18 10:51:15,951 vedbod switch:0 off
2024-12-18 10:51:15,957 vedbod rpc off
2024-12-18 12:17:26,711 stolpe switch:0 off
2024-12-18 12:17:26,762 vedbod switch:0 off
2024-12-18 12:17:26,821 garage switch:0 off
2024-12-18 13:51:19,551 vedbod switch:0 off
2024-12-18 13:51:19,564 vedbod rpc off
2024-12-18 16:28:38,953 stolpe switch:0 on
2024-12-18 16:28:38,959 garage switch:0 off
2024-12-18 16:28:46,695 vedbod switch:0 on
2024-12-18 17:51:15,495 garage rpc off
2024-12-18 20:17:28,718 stolpe switch:0 off
2024-12-18 21:40:32,481 vedbod switch:0 off
2024-12-18 21:51:29,996 vedbod switch:0 off
2024-12-18 21:51:30,076 vedbod rpc off
2024-12-18 23:17:28,376 vedbod switch:0 off
2024-12-18 23:17:28,426 stolpe switch:0 off
2024-12-18 23:17:28,436 garage switch:0 off
2024-12-19 01:18:07,157 garage rpc off
2024-12-19 03:28:50,598 vedbod switch:0 off
2024-12-19 03:28:50,681 garage switch:0 off
2024-12-19 05:08:22,772 stolpe switch:0 off
2024-12-19 05:32:52,032 garage rpc off
2024-12-19 07:24:46,333 stolpe switch:0 off
2024-12-19 07:24:46,341 vedbod switch:0 off
2024-12-19 07:24:46,382 garage switch:0 off
2024-12-19 09:24:09,029 garage rpc off
2024-12-19 11:33:30,245 stolpe switch:0 off
2024-12-19 11:33:30,257 vedbod switch:0 off
2024-12-19 11:33:31,795 garage switch:0 off
2024-12-19 12:58:36,827 garage rpc off
2024-12-19 15:17:27,819 vedbod switch:0 on
2024-12-19 15:17:27,826 stolpe switch:0 on
2024-12-19 15:17:31,987 garage switch:0 off
2024-12-19 17:32:36,012 garage rpc off
2024-12-19 19:17:26,732 stolpe switch:0 on
2024-12-19 19:17:32,025 garage switch:0 off
2024-12-19 20:52:02,236 stolpe switch:0 on
2024-12-19 20:52:02,242 stolpe rpc on
2024-12-19 22:24:42,023 stolpe switch:0 off
2024-12-19 22:24:42,125 vedbod switch:0 off
2024-12-19 22:24:42,172 garage switch:0 off
2024-12-20 00:51:25,060 stolpe rpc off
2024-12-20 03:04:30,459 stolpe switch:0 off
2024-12-20 03:04:30,514 vedbod switch:0 off
2024-12-20 03:04:32,434 garage switch:0 off
2024-12-20 04:39:36,325 garage rpc off
2024-12-20 06:41:49,427 stolpe switch:0 off
2024-12-20 06:41:49,479 vedbod switch:0 off
2024-12-20 08:15:27,014 garage switch:0 off
2024-12-20 08:34:17,290 garage rpc off
2024-12-20 10:31:49,815 stolpe switch:0 off
2024-12-20 10:31:49,857 garage switch:0 off
2024-12-20 10:31:50,237 vedbod switch:0 off
2024-12-20 12:17:49,507 garage rpc off
2024-12-20 14:17:27,620 stolpe switch:0 off
2024-12-20 14:17:27,672 vedbod switch:0 off
2024-12-20 14:17:28,263 garage switch:0 off
2024-12-20 15:51:18,795 stolpe switch:0 off
2024-12-20 15:51:18,800 stolpe rpc off
2024-12-20 17:51:10,466 garage switch:0 off
2024-12-20 17:51:12,567 vedbod switch:0 on
2024-12-20 17:51:17,261 stolpe switch:0 on
2024-12-20 19:46:44,449 vedbod switch:0 on
2024-12-20 19:46:44,502 vedbod rpc on
2024-12-20 21:40:35,455 vedbod switch:0 off
2024-12-20 23:03:27,091 garage switch:0 off
2024-12-20 23:19:39,812 garage rpc off
2024-12-21 01:19:49,000 stolpe switch:0 off
2024-12-21 01:19:49,087 vedbod switch:0 off
2024-12-21 01:19:56,033 garage switch:0 off
2024-12-21 02:51:16,927 garage rpc off
2024-12-21 04:40:25,068 stolpe switch:0 off
2024-12-21 04:40:25,097 vedbod switch:0 off
2024-12-21 04:40:31,134 garage switch:0 off
2024-12-21 06:51:27,372 garage rpc off
2024-12-21 08:17:27,541 stolpe switch:0 off
2024-12-21 08:17:27,628 vedbod switch:0 off
2024-12-21 08:17:27,689 garage switch:0 off
2024-12-21 10:32:45,109 garage rpc off
2024-12-21 12:31:02,340 stolpe switch:0 off
2024-12-21 12:31:02,364 vedbod switch:0 off
2024-12-21 12:31:02,423 garage switch:0 off
2024-12-21 16:34:26,636 garage switch:0 on
2024-12-21 16:34:36,727 vedbod switch:0 off
2024-12-21 16:34:37,588 stolpe switch:0 on
2024-12-21 20:44:57,551 vedbod switch:0 off
2024-12-21 20:44:57,633 garage switch:0 on
2024-12-21 20:45:01,005 stolpe switch:0 off
2024-12-21 22:28:28,982 vedbod switch:0 off
2024-12-21 22:28:28,994 vedbod rpc off
2024-12-22 00:22:12,961 stolpe switch:0 off
2024-12-22 00:22:13,008 vedbod switch:0 off
2024-12-22 00:22:15,025 garage switch:0 off
2024-12-22 04:17:27,313 vedbod switch:0 off
2024-12-22 04:17:28,179 stolpe switch:0 off
2024-12-22 06:02:43,989 garage switch:0 off
2024-12-22 06:09:07,556 vedbod switch:0 off
2024-12-22 06:09:07,561 vedbod rpc off
2024-12-22 08:53:00,250 stolpe switch:0 off
2024-12-22 08:53:00,264 vedbod switch:0 off
2024-12-22 10:14:53,084 garage switch:0 off
2024-12-22 10:51:19,839 garage rpc off
2024-12-22 11:28:06,303 vedbod switch:0 off
2024-12-22 11:28:06,390 stolpe switch:0 off
2024-12-22 11:28:06,392 garage switch:0 off
2024-12-22 11:30:28,961 vedbod switch:0 on
2024-12-22 11:30:28,970 vedbod rpc on
2024-12-22 11:30:30,808 vedbod switch:0 off
2024-12-22 11:30:30,811 vedbod rpc off
2024-12-22 11:30:33,134 vedbod switch:0 on
2024-12-22 11:30:33,137 vedbod rpc on
2024-12-22 11:30:34,345 vedbod switch:0 off
2024-12-22 11:30:34,358 vedbod rpc off
2024-12-22 11:30:36,045 garage rpc on
2024-12-22 11:30:40,895 garage rpc off
2024-12-22 11:51:16,840 garage rpc off
2024-12-22 12:17:27,971 stolpe switch:0 off
2024-12-22 13:53:57,514 garage switch:0 off
2024-12-22 13:55:14,806 vedbod switch:0 off
2024-12-22 13:55:14,820 vedbod rpc off
2024-12-22 16:10:19,972 garage switch:0 off
2024-12-22 16:10:23,131 stolpe switch:0 on
2024-12-22 16:10:26,335 vedbod switch:0 off
2024-12-22 17:46:18,680 garage rpc off
2024-12-22 19:19:33,210 vedbod switch:0 off
2024-12-22 19:19:38,725 stolpe switch:0 off
2024-12-22 21:08:24,824 garage switch:0 off
2024-12-22 21:51:26,208 stolpe rpc off
2024-12-22 21:51:26,214 stolpe switch:0 off
2024-12-22 22:22:58,483 garage switch:0 off
2024-12-22 22:22:59,403 stolpe switch:0 off
2024-12-22 22:22:59,537 vedbod switch:0 off
2024-12-22 23:17:27,213 vedbod switch:0 off
2024-12-22 23:17:28,286 garage switch:0 off
2024-12-23 00:48:14,540 stolpe switch:0 off
2024-12-23 00:50:25,921 stolpe rpc off
2024-12-23 03:17:31,506 stolpe switch:0 off
2024-12-23 03:17:35,192 vedbod switch:0 off
2024-12-23 04:57:43,774 garage switch:0 off
2024-12-23 05:52:47,589 garage rpc off
2024-12-23 07:17:27,931 vedbod switch:0 off
2024-12-23 07:17:29,329 garage switch:0 off
2024-12-23 07:17:31,213 stolpe switch:0 off
2024-12-23 08:51:15,881 garage rpc off
2024-12-23 11:17:29,496 garage switch:0 off
2024-12-23 11:17:29,502 vedbod switch:0 off
2024-12-23 11:17:29,504 stolpe switch:0 off
2024-12-23 12:55:54,778 vedbod switch:0 off
2024-12-23 12:55:54,846 vedbod rpc off
2024-12-23 14:28:10,868 stolpe switch:0 on
2024-12-23 14:28:12,024 garage switch:0 off
2024-12-23 14:28:17,837 vedbod switch:0 off
2024-12-23 16:06:22,913 vedbod switch:0 off
2024-12-23 16:06:22,962 vedbod rpc off
2024-12-23 18:17:27,920 garage switch:0 on
2024-12-23 18:17:32,510 stolpe switch:0 on
2024-12-23 19:48:45,419 vedbod switch:0 on
2024-12-23 19:51:13,721 garage rpc on
2024-12-23 21:30:58,301 stolpe switch:0 off
2024-12-23 21:30:58,376 garage switch:0 on
2024-12-23 21:30:58,378 vedbod switch:0 off
2024-12-23 23:44:46,493 stolpe switch:0 off
2024-12-23 23:44:46,499 stolpe rpc off
2024-12-24 01:33:51,474 stolpe switch:0 off
2024-12-24 01:33:51,533 vedbod switch:0 off
2024-12-24 01:33:51,613 garage switch:0 on
2024-12-24 03:46:14,695 garage rpc on
2024-12-24 05:18:44,108 vedbod switch:0 off
2024-12-24 07:05:28,062 garage switch:0 on
2024-12-24 07:05:31,474 stolpe switch:0 on
2024-12-24 09:17:33,246 garage switch:0 on
2024-12-24 10:54:30,749 vedbod switch:0 off
2024-12-24 10:54:31,727 stolpe switch:0 off
2024-12-24 12:17:27,581 stolpe switch:0 off
2024-12-24 12:17:27,628 vedbod switch:0 off
2024-12-24 12:17:27,691 garage switch:0 on
2024-12-24 14:45:58,033 vedbod switch:0 off
2024-12-24 14:45:58,049 vedbod rpc off
2024-12-24 15:18:59,293 vedbod switch:0 on
2024-12-24 15:18:59,311 garage switch:0 on
2024-12-24 15:18:59,316 stolpe switch:0 on
2024-12-24 17:51:27,599 stolpe switch:0 on
2024-12-24 17:51:27,636 stolpe rpc on
2024-12-24 19:24:18,709 stolpe switch:0 off
2024-12-24 19:24:18,736 vedbod switch:0 off
2024-12-24 19:24:18,788 garage switch:0 on
2024-12-24 21:34:26,256 stolpe rpc off
2024-12-24 21:34:26,260 stolpe switch:0 off
2024-12-24 23:17:26,999 vedbod switch:0 off
2024-12-24 23:17:27,063 garage switch:0 on
2024-12-24 23:17:29,855 stolpe switch:0 on
2024-12-24 23:17:29,915 stolpe switch:0 on
2024-12-25 01:34:48,807 garage rpc on
2024-12-25 03:24:17,362 garage switch:0 off
2024-12-25 05:18:40,210 vedbod switch:0 off
2024-12-25 05:18:48,137 stolpe switch:0 off
2024-12-25 05:41:09,433 stolpe rpc off
2024-12-25 05:41:09,491 stolpe switch:0 off
2024-12-25 07:35:03,922 vedbod switch:0 off
2024-12-25 07:35:03,944 stolpe switch:0 off
2024-12-25 07:35:03,947 garage switch:0 off
2024-12-25 09:34:11,151 vedbod switch:0 off
2024-12-25 09:34:11,180 vedbod rpc off
2024-12-25 11:31:56,756 stolpe switch:0 off
2024-12-25 11:31:56,774 vedbod switch:0 off
2024-12-25 11:31:57,753 garage switch:0 off
2024-12-25 13:03:57,125 garage rpc off
2024-12-25 14:45:13,388 stolpe switch:0 on
2024-12-25 14:45:13,450 vedbod switch:0 off
2024-12-25 14:45:13,453 garage switch:0 off
2024-12-25 16:28:00,116 vedbod rpc on
2024-12-25 16:28:00,120 vedbod switch:0 on
2024-12-25 16:41:18,318 vedbod switch:0 on
2024-12-25 16:41:22,355 stolpe switch:0 on
2024-12-25 16:41:27,486 garage rpc off
2024-12-25 18:40:12,560 garage switch:0 off
2024-12-25 18:40:12,673 vedbod switch:0 on
2024-12-25 20:28:39,977 stolpe switch:0 on
2024-12-25 20:51:14,255 garage rpc off
2024-12-26 07:28:47,674 stolpe switch:0 off
2024-12-26 07:28:47,734 vedbod switch:0 off
2024-12-26 07:28:47,779 garage switch:0 off
2024-12-26 08:51:51,947 garage rpc off
2024-12-26 10:17:27,355 vedbod switch:0 off
2024-12-26 10:17:34,727 garage switch:0 off
2024-12-26 12:34:42,982 stolpe switch:0 off
2024-12-26 12:45:56,032 garage rpc off
2024-12-26 14:51:22,285 vedbod switch:0 off
2024-12-26 14:51:24,549 stolpe switch:0 on
2024-12-26 16:27:09,420 garage switch:0 off
2024-12-26 16:29:00,066 vedbod rpc on
2024-12-26 16:29:00,073 vedbod switch:0 on
2024-12-26 18:06:29,591 stolpe switch:0 on
2024-12-26 18:06:44,419 garage switch:0 off
2024-12-26 18:07:34,617 stolpe rpc on
2024-12-26 18:38:43,048 stolpe switch:0 on
2024-12-26 18:38:43,355 vedbod switch:0 on
2024-12-26 18:38:44,993 garage switch:0 off
2024-12-26 20:05:24,219 garage rpc off
2024-12-26 20:25:52,391 stolpe switch:0 on
2024-12-26 20:25:52,485 garage switch:0 off
2024-12-26 20:25:52,564 vedbod switch:0 on
2024-12-26 20:33:04,549 garage rpc off
2024-12-26 21:34:31,149 stolpe switch:0 off
2024-12-26 21:34:31,159 vedbod switch:0 off
2024-12-26 21:34:31,169 garage switch:0 off
2024-12-26 21:35:59,202 stolpe switch:0 off
2024-12-26 21:35:59,206 stolpe rpc off
2024-12-26 21:50:46,036 stolpe switch:0 off
2024-12-26 21:50:46,121 vedbod switch:0 off
2024-12-26 21:50:46,603 garage switch:0 off
2024-12-26 23:28:20,477 stolpe switch:0 off
2024-12-26 23:28:20,494 stolpe rpc off
2024-12-27 01:17:28,472 vedbod switch:0 off
2024-12-27 01:17:28,528 stolpe switch:0 off
2024-12-27 01:17:28,546 garage switch:0 off
2024-12-27 02:51:24,942 stolpe switch:0 off
2024-12-27 02:51:24,971 stolpe rpc off
2024-12-27 05:17:28,974 garage switch:0 off
2024-12-27 05:17:29,028 vedbod switch:0 off
2024-12-27 05:17:31,806 stolpe switch:0 on
2024-12-27 06:45:28,639 stolpe switch:0 on
2024-12-27 06:45:28,647 stolpe rpc on
2024-12-27 08:58:19,278 vedbod switch:0 off
2024-12-27 08:58:20,352 garage switch:0 off
2024-12-27 10:31:59,012 stolpe switch:0 off
2024-12-27 10:32:08,629 garage rpc off
2024-12-27 12:31:10,729 garage switch:0 off
2024-12-27 14:03:02,422 vedbod switch:0 off
2024-12-27 14:03:03,360 stolpe switch:0 off
2024-12-27 14:34:38,808 garage rpc off
2024-12-27 15:45:16,198 stolpe switch:0 on
2024-12-27 15:45:16,282 garage switch:0 off
2024-12-27 17:11:59,781 garage rpc off
2024-12-27 19:25:42,508 garage switch:0 off
2024-12-27 19:25:43,658 stolpe switch:0 on
2024-12-27 20:49:29,047 garage rpc off
2024-12-27 23:04:55,324 vedbod switch:0 off
2024-12-27 23:04:59,175 stolpe switch:0 off
2024-12-28 00:32:00,706 garage switch:0 off
2024-12-28 00:40:52,455 vedbod switch:0 off
2024-12-28 00:40:52,536 vedbod rpc off
2024-12-28 02:17:28,853 stolpe switch:0 off
2024-12-28 02:17:32,245 garage switch:0 off
2024-12-28 04:51:34,972 garage rpc off
2024-12-28 06:17:28,706 stolpe switch:0 off
2024-12-28 06:17:28,766 garage switch:0 off
2024-12-28 07:51:17,711 stolpe switch:0 off
2024-12-28 07:51:17,718 stolpe rpc off
2024-12-28 11:19:59,960 stolpe switch:0 off
2024-12-28 11:20:01,027 garage switch:0 off
2024-12-28 13:36:24,594 stolpe switch:0 off
2024-12-28 13:36:24,636 garage switch:0 off
2024-12-28 15:51:28,126 stolpe rpc off
2024-12-28 15:51:28,186 stolpe switch:0 off
2024-12-28 16:38:52,729 garage switch:0 off
2024-12-28 16:38:56,439 stolpe switch:0 on
2024-12-28 18:51:26,214 stolpe rpc on
2024-12-28 18:51:26,277 stolpe switch:0 on
2024-12-28 20:17:38,507 garage switch:0 off
2024-12-28 23:26:14,437 garage switch:0 off
2024-12-28 23:26:15,775 stolpe switch:0 off
2024-12-29 03:17:32,844 stolpe switch:0 off
2024-12-29 03:17:32,858 vedbod switch:0 off
2024-12-29 03:17:34,617 garage switch:0 off
2024-12-29 04:51:17,951 stolpe rpc off
2024-12-29 04:51:17,954 stolpe switch:0 off
2024-12-29 06:32:59,115 vedbod switch:0 off
2024-12-29 06:32:59,202 stolpe switch:0 off
2024-12-29 06:32:59,209 garage switch:0 off
2024-12-29 10:17:28,012 garage switch:0 off
2024-12-29 10:17:31,603 stolpe switch:0 off
2024-12-29 11:59:28,462 vedbod switch:0 off
2024-12-29 11:59:29,602 vedbod rpc off
2024-12-29 14:17:28,081 stolpe switch:0 off
2024-12-29 14:17:28,193 vedbod switch:0 off
2024-12-29 14:17:29,043 garage switch:0 off
2024-12-29 15:51:28,726 garage rpc off
2024-12-29 17:25:13,067 vedbod switch:0 off
2024-12-29 17:25:13,491 stolpe switch:0 on
2024-12-29 19:51:25,654 stolpe rpc on
2024-12-29 19:51:25,702 stolpe switch:0 on
2024-12-29 21:17:29,875 vedbod switch:0 off
2024-12-29 21:17:29,898 stolpe switch:0 off
2024-12-29 21:17:29,900 garage switch:0 off
2024-12-29 23:28:54,261 garage rpc off
2024-12-30 01:17:28,483 stolpe switch:0 off
2024-12-30 01:17:28,531 vedbod switch:0 off
2024-12-30 02:46:31,915 garage switch:0 off
2024-12-30 04:17:35,391 stolpe switch:0 off
2024-12-30 06:35:30,704 garage switch:0 off
2024-12-30 06:35:34,621 vedbod switch:0 off
2024-12-30 06:40:00,091 stolpe rpc on
2024-12-30 06:40:00,119 stolpe switch:0 on
2024-12-30 06:51:21,807 stolpe switch:0 on
2024-12-30 06:51:21,811 stolpe rpc on
2024-12-30 08:51:51,462 garage switch:0 off
2024-12-30 08:51:53,960 stolpe switch:0 off
2024-12-30 08:51:58,989 vedbod switch:0 off
2024-12-30 10:42:46,175 vedbod switch:0 off
2024-12-30 10:42:46,237 vedbod rpc off
2024-12-30 15:30:43,065 garage switch:0 off
2024-12-30 17:43:33,946 garage rpc off
2024-12-30 18:47:16,668 stolpe switch:0 on
2024-12-30 18:47:16,734 vedbod switch:0 on
2024-12-30 18:47:17,839 garage switch:0 off
2024-12-30 20:48:03,991 garage rpc off
2024-12-30 22:17:28,556 garage switch:0 off
2024-12-30 22:17:33,015 vedbod switch:0 off
2024-12-30 23:54:48,548 stolpe switch:0 off
2024-12-31 00:18:48,723 garage rpc off
2024-12-31 01:17:28,470 stolpe switch:0 off
2024-12-31 01:17:28,495 vedbod switch:0 off
2024-12-31 01:17:28,499 garage switch:0 off
2024-12-31 03:51:28,534 garage rpc off
2024-12-31 05:17:29,886 stolpe switch:0 on
2024-12-31 05:17:30,089 garage switch:0 off
2024-12-31 05:17:31,366 vedbod switch:0 off
2024-12-31 06:51:25,850 garage rpc off
2024-12-31 08:57:18,255 vedbod switch:0 off
2024-12-31 08:57:18,265 stolpe switch:0 off
2024-12-31 08:57:18,273 garage switch:0 off
2024-12-31 10:59:06,611 garage rpc off
2024-12-31 12:17:29,496 vedbod switch:0 off
2024-12-31 13:29:09,103 garage switch:0 off
2024-12-31 13:29:12,140 stolpe switch:0 off
2024-12-31 15:17:27,757 stolpe switch:0 on
2024-12-31 15:17:27,768 garage switch:0 off
2024-12-31 15:17:27,847 vedbod switch:0 off
2024-12-31 16:35:00,063 vedbod rpc on
2024-12-31 16:35:00,139 vedbod switch:0 on
2024-12-31 16:48:29,667 vedbod switch:0 on
2024-12-31 16:48:29,767 vedbod rpc on
2024-12-31 18:17:29,116 stolpe switch:0 on
2024-12-31 18:17:29,174 garage switch:0 off
2024-12-31 19:59:42,223 vedbod switch:0 on
2024-12-31 20:30:35,484 garage rpc off
2024-12-31 21:41:43,416 vedbod switch:0 off
2024-12-31 21:41:44,469 garage switch:0 off
2024-12-31 21:41:45,588 stolpe switch:0 off
2024-12-31 23:14:29,153 vedbod switch:0 off
2024-12-31 23:14:29,183 vedbod rpc off
2025-01-01 01:29:18,411 stolpe switch:0 off
2025-01-01 01:29:19,537 garage switch:0 off
2025-01-01 02:51:27,814 vedbod switch:0 off
2025-01-01 02:51:27,849 vedbod rpc off
2025-01-01 04:33:38,744 stolpe switch:0 off
2025-01-01 04:33:38,838 vedbod switch:0 off
2025-01-01 04:33:38,850 garage switch:0 off
2025-01-01 06:40:00,035 stolpe rpc on
2025-01-01 06:40:00,038 stolpe switch:0 on
2025-01-01 06:41:56,930 garage rpc off
2025-01-01 08:17:28,758 stolpe switch:0 off
2025-01-01 08:17:28,782 vedbod switch:0 off
2025-01-01 08:17:28,786 garage switch:0 off
2025-01-01 10:04:34,719 stolpe switch:0 off
2025-01-01 10:04:34,723 stolpe rpc off
2025-01-01 11:17:29,369 stolpe switch:0 off
2025-01-01 11:17:29,380 vedbod switch:0 off
2025-01-01 11:17:29,889 garage switch:0 off
2025-01-01 13:22:25,153 garage rpc off
2025-01-01 14:52:31,162 stolpe switch:0 on
2025-01-01 14:52:31,196 vedbod switch:0 off
2025-01-01 14:52:31,201 garage switch:0 off
2025-01-01 16:34:36,983 garage rpc off
2025-01-01 18:46:24,363 stolpe switch:0 on
2025-01-01 18:46:30,996 vedbod switch:0 on
2025-01-01 20:11:24,737 garage switch:0 off
2025-01-01 20:14:14,939 vedbod switch:0 on
2025-01-01 20:14:15,033 vedbod rpc on
2025-01-01 21:53:32,262 stolpe switch:0 off
2025-01-01 21:53:32,309 garage switch:0 off
2025-01-01 23:30:42,139 vedbod switch:0 off
2025-01-01 23:30:42,146 vedbod rpc off
2025-01-02 01:17:33,022 garage switch:0 off
2025-01-02 01:17:33,847 stolpe switch:0 off
2025-01-02 02:51:27,157 stolpe rpc off
2025-01-02 02:51:27,159 stolpe switch:0 off
2025-01-02 04:32:13,342 garage switch:0 off
2025-01-02 04:32:19,231 stolpe switch:0 off
2025-01-02 06:17:35,879 vedbod switch:0 off
2025-01-02 06:17:35,881 vedbod rpc off
2025-01-02 08:17:27,940 stolpe switch:0 off
2025-01-02 08:17:28,024 garage switch:0 off
2025-01-02 09:44:17,571 garage rpc off
2025-01-02 11:17:28,817 stolpe switch:0 off
2025-01-02 12:52:26,559 garage rpc off
2025-01-02 14:17:34,456 garage switch:0 off
2025-01-02 15:54:22,354 stolpe switch:0 off
2025-01-02 15:57:18,095 vedbod switch:0 off
2025-01-02 15:57:18,204 vedbod rpc off
2025-01-02 17:17:29,231 stolpe switch:0 on
2025-01-02 17:17:29,243 garage switch:0 off
2025-01-02 19:03:24,604 garage rpc off
2025-01-02 20:37:39,004 garage switch:0 off
2025-01-02 22:18:32,380 stolpe switch:0 off
2025-01-02 22:24:24,121 stolpe switch:0 off
2025-01-02 22:24:24,179 stolpe rpc off
2025-01-03 00:17:30,895 garage switch:0 off
2025-01-03 00:17:34,170 stolpe switch:0 off
2025-01-03 01:32:17,320 garage rpc off
2025-01-03 03:17:28,380 garage switch:0 off
2025-01-03 03:17:29,452 stolpe switch:0 off
2025-01-03 05:10:33,287 garage rpc off
2025-01-03 06:33:50,824 stolpe switch:0 off
2025-01-03 06:33:50,869 garage switch:0 off
2025-01-03 08:51:19,673 stolpe rpc off
2025-01-03 08:51:19,686 stolpe switch:0 off
2025-01-03 09:51:24,970 stolpe switch:0 off
2025-01-03 09:51:24,977 garage switch:0 off
2025-01-03 11:24:14,026 vedbod switch:0 off
2025-01-03 11:24:14,372 vedbod rpc off
2025-01-03 13:17:28,832 vedbod switch:0 off
2025-01-03 13:17:28,889 stolpe switch:0 off
2025-01-03 13:17:29,609 garage switch:0 off
2025-01-03 16:19:15,542 stolpe switch:0 on
2025-01-03 16:19:15,612 vedbod switch:0 on
2025-01-03 17:37:16,538 vedbod switch:0 on
2025-01-03 17:37:16,542 vedbod rpc on
2025-01-03 19:17:28,285 stolpe switch:0 off
2025-01-03 19:17:28,300 garage switch:0 off
2025-01-03 21:11:59,007 vedbod rpc off
2025-01-03 21:11:59,011 vedbod switch:0 off
2025-01-03 21:11:59,012 vedbod switch:0 off
2025-01-03 21:11:59,371 vedbod rpc off
2025-01-03 22:17:30,746 garage switch:0 off
2025-01-03 22:17:31,614 stolpe switch:0 off
2025-01-04 00:45:30,376 garage rpc off
2025-01-04 01:53:16,544 stolpe switch:0 off
2025-01-04 01:53:17,683 garage switch:0 off
2025-01-04 03:28:00,831 vedbod switch:0 off
2025-01-04 03:28:01,247 vedbod rpc off
2025-01-04 05:17:29,164 garage switch:0 off
2025-01-04 05:17:35,408 stolpe switch:0 off
2025-01-04 06:27:50,193 vedbod switch:0 off
2025-01-04 06:27:50,280 vedbod rpc off
2025-01-04 08:17:29,007 stolpe switch:0 off
2025-01-04 09:27:34,353 garage switch:0 off
2025-01-04 09:27:38,724 vedbod switch:0 off
2025-01-04 09:27:38,745 vedbod rpc off
2025-01-04 11:17:28,440 stolpe switch:0 off
2025-01-04 11:17:28,452 garage switch:0 off
2025-01-04 12:51:41,718 garage rpc off
2025-01-04 14:17:29,045 stolpe switch:0 off
2025-01-04 14:17:29,093 garage switch:0 off
2025-01-04 15:51:27,548 stolpe rpc off
2025-01-04 15:51:27,550 stolpe switch:0 off
2025-01-04 17:17:28,824 stolpe switch:0 on
2025-01-04 17:17:28,875 garage switch:0 off
2025-01-04 18:51:24,763 stolpe rpc on
2025-01-04 18:51:24,781 stolpe switch:0 on
2025-01-04 20:25:36,217 stolpe switch:0 off
2025-01-04 20:25:36,306 garage switch:0 off
2025-01-04 20:25:43,833 vedbod switch:0 off
2025-01-04 22:33:11,882 vedbod switch:0 off
2025-01-04 22:33:11,919 vedbod rpc off
2025-01-05 00:20:23,744 garage switch:0 off
2025-01-05 00:20:26,573 stolpe switch:0 off
2025-01-05 01:49:22,021 stolpe switch:0 off
2025-01-05 01:49:22,069 stolpe rpc off
2025-01-05 03:50:56,185 stolpe switch:0 off
2025-01-05 03:50:57,848 garage switch:0 off
2025-01-05 05:51:16,280 garage rpc off
2025-01-05 06:17:28,325 stolpe switch:0 off
2025-01-05 06:17:28,364 garage switch:0 off
2025-01-05 08:41:41,291 stolpe switch:0 off
2025-01-05 11:20:22,274 stolpe switch:0 off
2025-01-05 11:20:23,514 garage switch:0 off
2025-01-05 11:35:41,184 garage rpc off
2025-01-05 13:17:29,918 stolpe switch:0 off
2025-01-05 13:17:29,992 garage switch:0 off
2025-01-05 16:17:28,417 stolpe switch:0 on
2025-01-05 16:17:28,493 vedbod switch:0 off
2025-01-05 16:17:28,497 garage switch:0 off
2025-01-05 17:51:35,891 stolpe switch:0 on
2025-01-05 17:51:35,895 stolpe rpc on
2025-01-05 19:27:06,887 garage switch:0 off
2025-01-05 19:27:06,899 stolpe switch:0 off
2025-01-05 19:27:06,933 vedbod switch:0 off
2025-01-05 21:27:49,591 garage rpc off
2025-01-05 23:17:28,787 stolpe switch:0 off
2025-01-06 00:42:06,703 garage switch:0 off
2025-01-06 01:01:07,975 stolpe switch:0 off
2025-01-06 02:41:25,084 garage switch:0 off
2025-01-06 02:41:29,329 stolpe switch:0 off
2025-01-06 04:46:42,125 garage rpc off
2025-01-06 06:00:58,490 garage switch:0 off
2025-01-06 06:01:00,942 stolpe switch:0 on
2025-01-06 09:17:28,589 vedbod switch:0 off
2025-01-06 10:39:58,152 stolpe switch:0 off
2025-01-06 10:40:02,907 garage switch:0 off
2025-01-06 10:42:57,156 vedbod switch:0 off
2025-01-06 10:42:57,254 vedbod rpc off
2025-01-06 12:47:48,378 vedbod switch:0 off
2025-01-06 12:47:48,419 garage switch:0 off
2025-01-06 12:47:48,421 stolpe switch:0 off
2025-01-06 14:05:58,130 stolpe switch:0 off
2025-01-06 14:05:58,144 stolpe rpc off
2025-01-06 15:46:11,893 stolpe switch:0 on
2025-01-06 17:10:34,694 garage switch:0 off
2025-01-06 17:16:47,724 garage rpc off
2025-01-06 18:52:43,617 garage switch:0 off
2025-01-06 18:52:45,491 stolpe switch:0 on
2025-01-06 18:52:51,327 vedbod switch:0 on
2025-01-06 21:30:59,738 stolpe switch:0 off
2025-01-06 21:30:59,762 garage switch:0 off
2025-01-06 23:37:35,208 garage rpc off
2025-01-07 01:17:28,189 vedbod switch:0 off
2025-01-07 01:17:28,764 garage switch:0 off
2025-01-07 02:44:49,295 stolpe switch:0 off
2025-01-07 03:02:49,462 garage rpc off
2025-01-07 05:01:11,848 stolpe switch:0 off
2025-01-07 05:01:11,909 vedbod switch:0 off
2025-01-07 05:01:11,961 garage switch:0 off
2025-01-07 08:17:28,332 stolpe switch:0 off
2025-01-07 08:17:36,361 vedbod switch:0 off
2025-01-07 09:44:59,223 garage switch:0 off
2025-01-07 09:56:09,220 garage rpc off
2025-01-07 11:44:32,032 garage switch:0 off
2025-01-07 11:44:32,958 stolpe switch:0 off
2025-01-07 11:44:33,145 vedbod switch:0 off
2025-01-07 13:19:57,483 garage rpc off
2025-01-07 15:27:51,977 vedbod switch:0 on
2025-01-07 16:49:20,112 stolpe switch:0 on
2025-01-07 16:49:20,858 garage switch:0 off
2025-01-07 16:52:38,718 garage rpc off
2025-01-07 18:31:50,478 vedbod switch:0 on
2025-01-07 18:31:50,543 stolpe switch:0 on
2025-01-07 18:31:50,545 garage switch:0 off
2025-01-07 20:19:32,954 stolpe switch:0 on
2025-01-07 22:17:29,075 stolpe switch:0 off
2025-01-07 22:17:29,124 vedbod switch:0 off
2025-01-07 22:17:29,140 garage switch:0 off
2025-01-08 00:06:10,633 stolpe switch:0 off
2025-01-08 00:06:10,721 stolpe rpc off
2025-01-08 01:20:00,080 stolpe switch:0 off
2025-01-08 01:20:00,227 garage switch:0 off
2025-01-08 01:20:06,781 vedbod switch:0 off
2025-01-08 03:08:58,635 garage rpc off
2025-01-08 04:46:41,818 stolpe switch:0 off
2025-01-08 06:24:58,990 vedbod switch:0 off
2025-01-08 06:25:05,046 garage switch:0 off
2025-01-08 06:33:35,174 stolpe switch:0 off
2025-01-08 08:17:29,381 stolpe switch:0 off
2025-01-08 08:17:29,415 vedbod switch:0 off
2025-01-08 08:17:30,488 garage switch:0 off
2025-01-08 10:06:04,443 garage rpc off
2025-01-08 11:28:48,947 vedbod switch:0 off
2025-01-08 11:28:50,396 garage switch:0 off
2025-01-08 12:59:42,949 stolpe switch:0 off
2025-01-08 13:05:56,602 vedbod switch:0 off
2025-01-08 13:05:56,611 vedbod rpc off
2025-01-08 14:41:53,573 vedbod switch:0 off
2025-01-08 14:41:53,623 stolpe switch:0 on
2025-01-08 14:41:53,627 garage switch:0 off
2025-01-08 16:35:31,044 garage rpc off
2025-01-08 18:17:34,089 vedbod switch:0 on
2025-01-08 19:48:50,154 stolpe switch:0 on
2025-01-08 19:48:51,163 stolpe rpc on
2025-01-08 21:17:29,008 stolpe switch:0 off
2025-01-08 21:17:29,021 garage switch:0 off
2025-01-08 21:17:30,415 vedbod switch:0 off
2025-01-08 22:52:14,263 garage rpc off
2025-01-09 04:17:34,224 stolpe switch:0 off
2025-01-09 04:17:39,592 garage switch:0 off
2025-01-09 05:48:07,213 garage rpc off
2025-01-09 14:08:33,255 stolpe switch:0 off
2025-01-09 16:20:59,887 stolpe rpc on
2025-01-09 16:20:59,909 stolpe switch:0 on
2025-01-09 20:06:17,687 stolpe switch:0 off
2025-01-09 21:50:26,688 stolpe switch:0 off
2025-01-09 22:46:39,291 stolpe switch:0 off
2025-01-10 10:17:28,958 stolpe switch:0 off
2025-01-10 16:17:27,880 stolpe switch:0 on
2025-01-10 19:17:29,126 stolpe switch:0 off
2025-01-11 02:17:28,347 stolpe switch:0 off
2025-01-11 06:09:31,498 stolpe switch:0 off
2025-01-11 12:17:30,339 stolpe switch:0 off
2025-01-11 15:17:29,902 stolpe switch:0 on
2025-01-11 17:54:53,705 stolpe rpc on
2025-01-11 17:54:53,725 stolpe switch:0 on
2025-01-12 03:26:36,536 stolpe switch:0 off
2025-01-12 12:17:29,849 stolpe switch:0 off
2025-01-12 15:04:57,841 stolpe rpc off
2025-01-12 15:17:34,945 stolpe switch:0 on
2025-01-12 18:17:34,028 stolpe switch:0 on
2025-01-12 18:17:34,623 garage switch:0 off
2025-01-12 19:45:25,738 vedbod switch:0 off
2025-01-12 20:04:45,104 vedbod switch:0 off
2025-01-12 20:04:45,108 vedbod rpc off
2025-01-13 00:17:34,233 stolpe switch:0 off
2025-01-13 01:56:35,686 garage switch:0 off
2025-01-13 02:04:52,918 garage rpc off
2025-01-13 10:17:30,044 stolpe switch:0 off
2025-01-13 10:17:37,346 vedbod switch:0 off
2025-01-13 20:17:28,786 stolpe switch:0 off
2025-01-13 23:36:21,357 stolpe switch:0 off
2025-01-14 10:17:35,443 stolpe switch:0 off
2025-01-14 12:25:31,308 stolpe rpc off
2025-01-14 12:25:31,335 stolpe switch:0 off
2025-01-14 14:17:29,014 stolpe switch:0 off
2025-01-14 16:31:00,075 stolpe rpc on
2025-01-14 16:31:00,078 stolpe switch:0 on
2025-01-14 18:02:39,156 stolpe switch:0 on
2025-01-14 18:02:39,235 garage switch:0 off
2025-01-14 23:50:29,526 stolpe switch:0 off
2025-01-14 23:50:32,099 garage switch:0 off
2025-01-15 01:53:16,485 garage rpc off
2025-01-15 17:31:19,726 stolpe switch:0 on
2025-01-15 19:22:39,484 vedbod switch:0 on
2025-01-15 19:22:45,602 garage switch:0 off
2025-01-15 19:46:13,813 garage rpc off
2025-01-15 21:40:26,015 stolpe switch:0 off
2025-01-15 21:40:26,070 garage switch:0 off
2025-01-15 23:58:48,803 vedbod switch:0 off
2025-01-15 23:58:49,152 vedbod rpc off
2025-01-16 03:17:28,317 stolpe switch:0 off
2025-01-16 03:17:28,350 vedbod switch:0 off
2025-01-16 03:17:28,397 garage switch:0 off
2025-01-16 12:17:27,223 vedbod switch:0 off
2025-01-16 12:17:27,279 garage switch:0 off
2025-01-16 12:17:27,281 stolpe switch:0 off
2025-01-16 15:04:40,934 garage rpc off
2025-01-17 09:17:28,149 stolpe switch:0 off
2025-01-17 09:17:28,199 garage switch:0 off
2025-01-17 09:17:29,593 vedbod switch:0 off
2025-01-17 11:04:40,257 garage rpc off
2025-01-17 13:19:53,030 stolpe switch:0 off
2025-01-17 13:19:53,036 garage switch:0 off
2025-01-17 16:03:49,726 vedbod switch:0 off
2025-01-17 16:03:49,754 vedbod rpc off
2025-01-17 23:17:27,898 stolpe switch:0 off
2025-01-17 23:17:27,926 vedbod switch:0 off
2025-01-17 23:17:27,933 garage switch:0 off
2025-01-18 01:47:34,426 garage rpc off
2025-01-18 08:55:40,154 stolpe switch:0 off
2025-01-18 08:55:40,206 vedbod switch:0 off
2025-01-18 11:06:32,759 vedbod switch:0 off
2025-01-18 11:06:32,769 vedbod rpc off
2025-01-18 13:17:27,824 stolpe switch:0 off
2025-01-18 13:17:27,940 vedbod switch:0 off
2025-01-18 16:04:50,297 vedbod switch:0 off
2025-01-18 16:04:50,306 vedbod rpc off
2025-01-18 23:35:48,233 stolpe switch:0 off
2025-01-19 02:34:18,363 stolpe rpc off
2025-01-19 02:34:18,378 stolpe switch:0 off
2025-01-19 09:33:29,063 stolpe switch:0 off
2025-01-19 11:27:18,663 stolpe switch:0 off
2025-01-19 11:27:18,670 stolpe rpc off
2025-01-19 18:17:33,039 stolpe switch:0 on
2025-01-19 21:00:00,047 stolpe rpc off
2025-01-19 21:00:00,055 stolpe switch:0 off
2025-01-19 21:09:12,828 stolpe switch:0 off
2025-01-19 21:09:12,844 stolpe rpc off
2025-01-20 01:11:35,343 stolpe switch:0 off
2025-01-20 01:14:56,563 stolpe switch:0 off
2025-01-20 01:14:56,574 stolpe rpc off
2025-01-20 10:52:50,269 stolpe switch:0 off
2025-01-20 13:17:27,429 stolpe switch:0 off
2025-01-21 13:17:36,015 stolpe switch:0 off
2025-01-21 15:40:45,373 stolpe switch:0 off
2025-01-21 15:40:45,376 stolpe rpc off
2025-01-22 03:05:12,950 stolpe switch:0 off
2025-01-22 06:40:00,043 stolpe rpc on
2025-01-22 06:40:00,047 stolpe switch:0 on
2025-01-22 06:41:02,169 stolpe switch:0 on
2025-01-22 06:41:02,181 stolpe rpc on
2025-01-22 07:51:44,272 stolpe switch:0 off
2025-01-22 12:36:57,795 stolpe switch:0 off
2025-01-22 14:38:36,561 stolpe rpc off
2025-01-22 14:38:36,609 stolpe switch:0 off
2025-01-22 19:08:48,150 stolpe switch:0 on
2025-01-22 19:46:44,954 stolpe rpc on
2025-01-22 19:46:44,971 stolpe switch:0 on
2025-01-23 02:39:36,361 stolpe switch:0 off
2025-01-23 04:53:21,342 stolpe rpc off
2025-01-23 04:53:21,371 stolpe switch:0 off
2025-01-23 16:27:33,144 stolpe switch:0 on
2025-01-23 19:04:54,543 stolpe switch:0 on
2025-01-23 19:04:54,547 stolpe rpc on
2025-01-23 22:56:47,060 stolpe switch:0 off
2025-01-23 23:05:09,216 stolpe switch:0 off
2025-01-23 23:05:09,279 stolpe rpc off
2025-01-24 06:17:27,274 stolpe switch:0 off
2025-01-24 08:36:51,407 stolpe rpc off
2025-01-24 10:40:14,308 stolpe switch:0 off
2025-01-24 14:30:42,917 stolpe switch:0 off
2025-01-24 14:30:42,922 stolpe rpc off
2025-01-25 01:04:02,702 stolpe switch:0 off
2025-01-25 10:26:15,261 stolpe switch:0 off
2025-01-25 13:18:21,774 stolpe switch:0 off
2025-01-25 13:18:21,777 stolpe rpc off
2025-01-25 14:36:35,552 stolpe switch:0 off
2025-01-25 16:55:00,078 stolpe rpc on
2025-01-25 16:55:00,082 stolpe switch:0 on
2025-01-25 16:56:55,436 stolpe rpc on
2025-01-25 16:56:55,441 stolpe switch:0 on
2025-01-25 20:49:11,432 stolpe switch:0 on
2025-01-25 21:00:00,044 stolpe rpc off
2025-01-25 21:00:00,056 stolpe switch:0 off
2025-01-25 21:04:48,125 stolpe rpc off
2025-01-26 04:27:31,828 stolpe switch:0 off
2025-01-26 14:28:27,800 stolpe switch:0 off
2025-01-26 16:57:00,093 stolpe rpc on
2025-01-26 16:57:00,095 stolpe switch:0 on
2025-01-26 19:17:27,683 stolpe switch:0 off
2025-01-26 22:19:03,062 stolpe rpc off
2025-01-26 22:19:03,072 stolpe switch:0 off
2025-01-27 06:28:41,703 stolpe switch:0 off
2025-01-27 06:39:59,998 stolpe rpc on
2025-01-27 06:40:00,002 stolpe switch:0 on
2025-01-27 07:29:00,060 stolpe rpc off
2025-01-27 07:29:00,064 stolpe switch:0 off
2025-01-27 08:04:50,262 stolpe switch:0 off
2025-01-27 08:04:50,272 stolpe rpc off
2025-01-28 02:29:05,257 stolpe switch:0 off
2025-01-28 06:40:55,253 stolpe switch:0 off
2025-01-28 09:04:41,231 stolpe switch:0 off
2025-01-28 09:04:41,236 stolpe rpc off
2025-01-28 16:27:09,350 stolpe switch:0 on
2025-01-28 19:10:29,721 stolpe rpc on
2025-01-28 21:17:31,841 stolpe switch:0 off
2025-01-28 23:04:50,054 stolpe switch:0 off
2025-01-28 23:04:50,079 stolpe rpc off
2025-01-29 06:26:43,136 stolpe switch:0 off
2025-01-30 04:27:25,096 stolpe switch:0 off
2025-01-30 04:27:25,145 vedbod switch:0 off
2025-01-30 04:27:25,489 garage switch:0 off
2025-01-30 06:40:00,030 stolpe rpc on
2025-01-30 06:40:00,034 stolpe switch:0 on
2025-01-30 06:46:46,503 stolpe rpc on
2025-01-30 06:46:46,513 stolpe switch:0 on
2025-01-30 09:17:27,026 vedbod switch:0 off
2025-01-30 09:17:27,082 garage switch:0 off
2025-01-30 12:17:26,605 stolpe switch:0 off
2025-01-30 12:17:26,656 vedbod switch:0 off
2025-01-30 12:17:26,658 garage switch:0 off
2025-01-30 15:04:55,200 stolpe switch:0 off
2025-01-30 15:04:55,206 stolpe rpc off
2025-01-30 16:27:24,492 stolpe switch:0 on
2025-01-30 16:27:24,498 vedbod switch:0 on
2025-01-30 16:27:24,837 garage switch:0 off
2025-01-30 20:17:26,604 stolpe switch:0 off
2025-01-30 20:17:26,636 vedbod switch:0 off
2025-01-30 20:17:26,682 garage switch:0 off
2025-01-31 01:00:30,854 stolpe switch:0 off
2025-01-31 01:00:30,859 vedbod switch:0 off
2025-01-31 01:00:30,861 garage switch:0 off
2025-01-31 02:54:27,869 stolpe switch:0 off
2025-01-31 02:54:27,874 stolpe rpc off
2025-01-31 14:17:25,426 vedbod switch:0 off
2025-01-31 14:17:25,438 garage switch:0 off
2025-01-31 14:17:31,643 stolpe switch:0 off
2025-01-31 18:17:25,526 stolpe switch:0 on
2025-01-31 18:17:25,546 vedbod switch:0 on
2025-01-31 18:17:25,888 garage switch:0 on
2025-01-31 21:00:00,063 vedbod rpc off
2025-01-31 21:00:00,066 vedbod switch:0 off
2025-01-31 21:00:00,072 stolpe rpc off
2025-01-31 21:00:00,074 stolpe switch:0 off
2025-01-31 21:01:44,147 vedbod switch:0 off
2025-01-31 21:01:44,163 garage switch:0 on
2025-01-31 21:01:52,198 stolpe switch:0 off
2025-01-31 21:05:02,254 stolpe rpc off
2025-01-31 21:05:02,267 stolpe switch:0 off
2025-01-31 22:38:57,434 stolpe switch:0 off
2025-01-31 22:38:57,479 vedbod switch:0 off
2025-01-31 22:38:57,530 garage switch:0 on
2025-02-01 01:04:56,112 stolpe switch:0 off
2025-02-01 01:04:56,115 stolpe rpc off
2025-02-01 03:17:26,312 stolpe switch:0 off
2025-02-01 03:17:26,366 vedbod switch:0 off
2025-02-01 03:17:26,369 garage switch:0 on
2025-02-01 20:24:38,543 vedbod switch:0 off
2025-02-01 20:24:39,027 garage switch:0 off
2025-02-01 22:16:53,700 stolpe switch:0 off
2025-02-01 22:20:51,345 stolpe switch:0 off
2025-02-01 22:20:51,373 stolpe rpc off
2025-02-02 01:17:24,914 stolpe switch:0 off
2025-02-02 01:17:24,995 vedbod switch:0 off
2025-02-02 01:17:25,397 garage switch:0 off
2025-02-02 02:57:35,005 stolpe switch:0 off
2025-02-02 02:57:35,026 stolpe rpc off
2025-02-02 18:22:49,730 stolpe switch:0 on
2025-02-02 18:22:49,773 vedbod switch:0 off
2025-02-02 18:22:50,062 garage switch:0 off
2025-02-02 20:40:08,453 stolpe switch:0 on
2025-02-02 20:40:08,471 stolpe rpc on
2025-02-02 22:36:07,259 stolpe switch:0 off
2025-02-02 22:36:07,265 vedbod switch:0 off
2025-02-02 22:36:07,310 garage switch:0 off
2025-02-03 00:53:36,135 stolpe switch:0 off
2025-02-03 16:22:56,874 vedbod switch:0 on
2025-02-03 16:22:56,954 stolpe switch:0 on
2025-02-03 16:22:57,362 garage switch:0 off
2025-02-03 18:47:12,733 stolpe switch:0 on
2025-02-03 18:47:12,738 stolpe rpc on
2025-02-04 00:17:25,203 stolpe switch:0 off
2025-02-04 00:17:25,233 vedbod switch:0 off
2025-02-04 00:17:25,248 garage switch:0 on
2025-02-04 03:04:51,070 stolpe rpc off
2025-02-04 03:04:51,073 stolpe switch:0 off
2025-02-04 18:23:28,369 stolpe switch:0 on
2025-02-04 18:23:28,423 vedbod switch:0 on
2025-02-04 18:23:28,430 garage switch:0 off
2025-02-04 21:00:00,030 vedbod rpc off
2025-02-04 21:00:00,040 stolpe rpc off
2025-02-04 21:00:00,042 stolpe switch:0 off
2025-02-04 21:00:00,044 vedbod switch:0 off
2025-02-04 21:05:04,041 stolpe switch:0 off
2025-02-04 21:05:04,540 stolpe rpc off
2025-02-05 08:18:54,593 stolpe switch:0 off
2025-02-05 08:18:54,660 vedbod switch:0 off
2025-02-05 08:18:54,663 garage switch:0 off
2025-02-05 10:49:39,771 stolpe switch:0 off
2025-02-05 10:49:39,779 stolpe rpc off
2025-02-05 12:41:59,875 stolpe switch:0 off
2025-02-05 12:41:59,920 vedbod switch:0 off
2025-02-05 12:41:59,923 garage switch:0 off
2025-02-05 21:17:26,124 vedbod switch:0 off
2025-02-05 21:17:26,583 garage switch:0 off
2025-02-05 21:17:33,481 stolpe switch:0 off
2025-02-06 00:02:08,935 stolpe switch:0 off
2025-02-06 02:20:49,090 vedbod switch:0 off
2025-02-06 02:20:49,095 garage switch:0 off
2025-02-06 04:19:11,382 stolpe switch:0 off
2025-02-06 05:05:35,762 stolpe rpc off
2025-02-06 05:05:35,768 stolpe switch:0 off
2025-02-06 06:37:09,204 vedbod switch:0 off
2025-02-06 06:37:09,259 garage switch:0 off
2025-02-06 06:37:15,967 stolpe switch:0 off
2025-02-06 09:22:56,395 stolpe switch:0 off
2025-02-06 09:22:56,399 garage switch:0 off
2025-02-06 09:22:56,403 vedbod switch:0 off
2025-02-06 19:17:25,360 vedbod switch:0 off
2025-02-06 19:17:25,410 garage switch:0 off
2025-02-06 21:00:28,896 stolpe switch:0 off
2025-02-06 23:17:25,339 stolpe switch:0 off
2025-02-06 23:17:25,349 vedbod switch:0 off
2025-02-06 23:17:25,354 garage switch:0 off
2025-02-07 01:04:42,354 stolpe rpc off
2025-02-07 01:04:42,357 stolpe switch:0 off
2025-02-07 03:17:26,278 vedbod switch:0 off
2025-02-07 03:17:26,321 garage switch:0 off
2025-02-07 04:58:25,278 stolpe switch:0 off
2025-02-07 06:05:06,742 stolpe rpc off
2025-02-07 06:05:06,769 stolpe switch:0 off
2025-02-07 07:17:26,440 stolpe switch:0 off
2025-02-07 07:17:26,447 vedbod switch:0 off
2025-02-07 07:17:26,881 garage switch:0 off
2025-02-07 10:54:38,517 stolpe switch:0 off
2025-02-07 10:54:38,531 stolpe rpc off
2025-02-07 10:36:12,486 stolpe switch:0 off
2025-02-07 10:36:12,552 vedbod switch:0 off
2025-02-07 10:36:12,612 garage switch:0 off
2025-02-07 13:11:25,328 stolpe rpc off
2025-02-07 13:11:25,338 stolpe switch:0 off
2025-02-07 14:21:40,780 vedbod switch:0 on
2025-02-07 14:21:41,294 garage switch:0 on
2025-02-07 14:21:48,834 stolpe switch:0 on
2025-02-07 16:48:42,012 stolpe rpc on
2025-02-07 16:48:42,037 stolpe switch:0 on
2025-02-07 19:17:27,117 stolpe switch:0 on
2025-02-07 19:17:27,126 vedbod switch:0 on
2025-02-07 19:17:27,134 garage switch:0 on
2025-02-07 21:00:00,059 vedbod rpc off
2025-02-07 21:00:00,062 stolpe rpc off
2025-02-07 21:00:00,064 vedbod switch:0 off
2025-02-07 21:00:00,066 stolpe switch:0 off
2025-02-07 23:17:26,410 stolpe switch:0 off
2025-02-07 23:17:26,472 vedbod switch:0 off
2025-02-07 23:17:26,939 garage switch:0 off
2025-02-08 03:17:25,502 vedbod switch:0 off
2025-02-08 03:17:25,508 garage switch:0 off
2025-02-08 03:17:26,596 stolpe switch:0 off
2025-02-08 05:45:25,981 stolpe switch:0 off
2025-02-08 05:45:25,992 stolpe rpc off
2025-02-08 07:17:25,239 vedbod switch:0 off
2025-02-08 07:17:26,336 garage switch:0 off
2025-02-08 07:17:31,131 stolpe switch:0 off
2025-02-08 11:17:26,466 stolpe switch:0 off
2025-02-08 11:17:26,503 vedbod switch:0 off
2025-02-08 11:17:26,554 garage switch:0 off
2025-02-08 14:20:21,412 vedbod switch:0 off
2025-02-08 14:20:21,895 garage switch:0 off
2025-02-08 14:20:30,356 stolpe switch:0 off
2025-02-08 16:09:59,164 stolpe switch:0 off
2025-02-08 16:09:59,174 stolpe rpc off
2025-02-09 03:17:26,296 vedbod switch:0 off
2025-02-09 03:17:26,305 stolpe switch:0 off
2025-02-09 03:17:26,370 garage switch:0 off
2025-02-09 13:17:26,152 stolpe switch:0 off
2025-02-09 13:17:26,166 vedbod switch:0 off
2025-02-09 13:17:26,627 garage switch:0 off
2025-02-09 22:50:16,840 vedbod switch:0 off
2025-02-09 22:50:16,882 stolpe switch:0 off
2025-02-09 22:50:16,886 garage switch:0 off
2025-02-10 01:32:05,240 vedbod switch:0 off
2025-02-10 01:32:05,251 stolpe switch:0 off
2025-02-10 01:32:05,260 garage switch:0 off
2025-02-10 05:17:38,895 stolpe switch:0 on
2025-02-10 05:17:38,926 vedbod switch:0 off
2025-02-10 05:17:38,945 garage switch:0 off
2025-02-10 06:59:00,084 stolpe rpc off
2025-02-10 06:59:00,088 stolpe switch:0 off
2025-02-10 07:05:17,933 stolpe rpc off
2025-02-10 08:47:54,863 stolpe switch:0 off
2025-02-10 08:47:54,896 vedbod switch:0 off
2025-02-10 08:47:55,751 garage switch:0 off
2025-02-10 14:58:50,857 vedbod switch:0 off
2025-02-10 14:58:51,318 garage switch:0 on
2025-02-10 14:58:58,344 stolpe switch:0 off
2025-02-11 00:52:35,972 vedbod switch:0 off
2025-02-11 00:52:36,477 garage switch:0 off
2025-02-11 00:52:38,315 stolpe switch:0 off
2025-02-11 02:30:06,398 stolpe rpc off
2025-02-11 02:30:06,414 stolpe switch:0 off
2025-02-11 07:17:26,820 stolpe switch:0 off
2025-02-11 07:17:26,858 vedbod switch:0 off
2025-02-11 07:17:26,867 garage switch:0 off
2025-02-11 09:04:43,942 stolpe switch:0 off
2025-02-11 09:04:43,958 stolpe rpc off
2025-02-11 10:45:39,152 vedbod switch:0 off
2025-02-11 10:45:39,503 garage switch:0 off
2025-02-11 12:07:17,965 stolpe switch:0 off
2025-02-11 12:07:17,997 stolpe rpc off
2025-02-11 17:17:27,294 stolpe switch:0 on
2025-02-11 17:17:27,322 vedbod switch:0 on
2025-02-11 17:17:27,371 garage switch:0 off
2025-02-11 20:17:28,645 stolpe switch:0 off
2025-02-11 20:17:28,689 vedbod switch:0 off
2025-02-11 20:17:28,749 garage switch:0 off
2025-02-11 21:58:06,287 stolpe rpc off
2025-02-11 21:58:06,311 stolpe switch:0 off
2025-02-12 02:52:24,494 stolpe switch:0 off
2025-02-12 02:52:24,538 vedbod switch:0 off
2025-02-12 02:52:24,542 garage switch:0 off
2025-02-12 09:17:28,173 vedbod switch:0 off
2025-02-12 09:17:28,188 garage switch:0 off
2025-02-12 09:17:34,882 stolpe switch:0 off
2025-02-12 10:43:57,786 stolpe switch:0 off
2025-02-12 10:43:57,796 stolpe rpc off
2025-02-12 15:17:27,897 stolpe switch:0 off
2025-02-12 15:17:27,944 vedbod switch:0 off
2025-02-12 15:17:27,946 garage switch:0 off
2025-02-12 17:37:00,074 stolpe rpc on
2025-02-12 17:37:00,077 stolpe switch:0 on
2025-02-12 18:32:26,965 stolpe switch:0 on
2025-02-12 18:32:26,986 vedbod switch:0 on
2025-02-12 18:32:28,440 garage switch:0 off
2025-02-13 00:46:10,431 stolpe switch:0 off
2025-02-13 00:46:10,497 vedbod switch:0 off
2025-02-13 00:46:10,501 garage switch:0 off
2025-02-13 04:03:21,361 stolpe switch:0 off
2025-02-13 04:03:21,374 stolpe rpc off
2025-02-13 06:54:39,656 stolpe switch:0 off
2025-02-13 06:54:39,660 vedbod switch:0 off
2025-02-13 06:54:39,663 garage switch:0 off
2025-02-13 09:15:15,728 stolpe switch:0 off
2025-02-13 09:15:15,740 stolpe rpc off
2025-02-13 12:52:26,176 stolpe switch:0 off
2025-02-13 12:52:26,246 vedbod switch:0 off
2025-02-13 12:52:26,668 garage switch:0 off
2025-02-13 18:52:06,723 vedbod switch:0 on
2025-02-13 18:52:06,749 garage switch:0 off
2025-02-13 18:52:07,353 stolpe switch:0 on
2025-02-13 21:00:00,050 stolpe rpc off
2025-02-13 21:00:00,054 vedbod rpc off
2025-02-13 21:00:00,057 vedbod switch:0 off
2025-02-13 21:00:00,209 stolpe switch:0 off
2025-02-14 00:43:32,698 stolpe switch:0 off
2025-02-14 00:43:32,756 vedbod switch:0 off
2025-02-14 00:43:32,785 garage switch:0 off
2025-02-14 07:17:27,496 vedbod switch:0 off
2025-02-14 07:17:27,559 garage switch:0 off
2025-02-14 08:29:47,708 stolpe switch:0 off
2025-02-14 09:05:13,994 stolpe switch:0 off
2025-02-14 09:05:13,999 stolpe rpc off
2025-02-14 13:17:28,594 garage switch:0 off
2025-02-14 13:17:29,057 vedbod switch:0 off
2025-02-14 14:44:12,203 stolpe switch:0 off
2025-02-14 19:17:28,389 garage switch:0 off
2025-02-14 19:17:29,633 vedbod switch:0 on
2025-02-14 20:52:08,003 stolpe switch:0 on
2025-02-14 21:00:00,044 vedbod rpc off
2025-02-14 21:00:00,053 stolpe rpc off
2025-02-14 21:00:00,055 stolpe switch:0 off
2025-02-14 21:00:00,057 vedbod switch:0 off
2025-02-15 01:17:28,020 stolpe switch:0 off
2025-02-15 01:17:28,077 vedbod switch:0 off
2025-02-15 01:17:28,082 garage switch:0 off
2025-02-15 07:17:27,767 stolpe switch:0 off
2025-02-15 07:17:27,795 garage switch:0 off
2025-02-15 07:17:27,800 vedbod switch:0 off
2025-02-15 12:52:16,142 stolpe switch:0 off
2025-02-15 12:52:16,160 vedbod switch:0 off
2025-02-15 12:52:16,172 garage switch:0 off
2025-02-15 15:17:28,048 stolpe switch:0 off
2025-02-15 15:17:28,103 vedbod switch:0 off
2025-02-15 15:17:28,574 garage switch:0 off
2025-02-15 17:44:00,114 stolpe rpc on
2025-02-15 17:44:00,120 stolpe switch:0 on
2025-02-15 20:55:18,516 stolpe switch:0 off
2025-02-15 20:55:18,557 vedbod switch:0 off
2025-02-15 20:55:18,608 garage switch:0 off
2025-02-16 03:17:28,633 stolpe switch:0 off
2025-02-16 03:17:28,677 garage switch:0 off
2025-02-16 03:17:28,696 vedbod switch:0 off
2025-02-16 09:17:28,939 stolpe switch:0 off
2025-02-16 09:17:28,986 vedbod switch:0 off
2025-02-16 09:17:29,428 garage switch:0 off
2025-02-16 15:17:27,957 stolpe switch:0 off
2025-02-16 15:17:28,012 vedbod switch:0 off
2025-02-16 15:17:28,478 garage switch:0 off
2025-02-16 17:47:00,100 stolpe rpc on
2025-02-16 17:47:00,101 stolpe switch:0 on
2025-02-16 21:17:27,831 stolpe switch:0 off
2025-02-16 21:17:27,932 garage switch:0 off
2025-02-16 21:17:29,331 vedbod switch:0 off
2025-02-17 00:22:38,885 stolpe switch:0 off
2025-02-17 00:22:38,898 garage switch:0 off
2025-02-17 00:22:38,900 vedbod switch:0 off
2025-02-17 06:49:57,209 stolpe switch:0 off
2025-02-17 06:49:57,257 vedbod switch:0 off
2025-02-17 06:49:57,313 garage switch:0 off
2025-02-17 12:40:29,149 vedbod switch:0 off
2025-02-17 12:40:29,156 garage switch:0 off
2025-02-17 12:40:29,181 stolpe switch:0 off
2025-02-17 23:17:28,924 stolpe switch:0 off
2025-02-17 23:17:28,973 vedbod switch:0 off
2025-02-17 23:17:29,032 garage switch:0 off
2025-02-18 02:49:31,699 vedbod switch:0 off
2025-02-18 02:49:31,756 garage switch:0 off
2025-02-18 02:49:31,759 stolpe switch:0 off
2025-02-18 07:17:29,390 stolpe switch:0 on
2025-02-18 07:17:29,438 vedbod switch:0 off
2025-02-18 07:17:29,899 garage switch:0 off
2025-02-18 17:17:29,549 stolpe switch:0 on
2025-02-18 17:17:29,571 vedbod switch:0 on
2025-02-18 17:17:29,601 garage switch:0 off
2025-02-18 21:00:00,039 vedbod rpc off
2025-02-18 21:00:00,044 vedbod switch:0 off
2025-02-18 21:00:00,052 stolpe rpc off
2025-02-18 21:00:00,060 stolpe switch:0 off
2025-02-18 22:17:29,297 vedbod switch:0 off
2025-02-18 22:17:29,394 garage switch:0 off
2025-02-18 23:36:59,048 stolpe switch:0 off
2025-02-19 00:24:44,945 stolpe switch:0 off
2025-02-19 00:24:44,971 stolpe rpc off
2025-02-19 01:17:29,072 vedbod switch:0 off
2025-02-19 01:17:29,126 garage switch:0 off
2025-02-19 02:43:45,251 stolpe switch:0 off
2025-02-19 04:36:42,028 vedbod switch:0 off
2025-02-19 04:36:42,037 stolpe switch:0 off
2025-02-19 04:36:42,040 garage switch:0 off
2025-02-19 06:40:00,038 stolpe rpc on
2025-02-19 06:40:00,041 stolpe switch:0 on
2025-02-19 10:39:22,767 stolpe switch:0 off
2025-02-19 10:39:22,818 vedbod switch:0 off
2025-02-19 10:39:22,820 garage switch:0 off
2025-02-19 16:53:03,291 stolpe switch:0 on
2025-02-19 16:53:03,296 vedbod switch:0 off
2025-02-19 16:53:03,298 garage switch:0 off
2025-02-19 18:21:00,094 vedbod rpc on
2025-02-19 18:21:00,097 vedbod switch:0 on
2025-02-19 18:23:51,583 stolpe switch:0 on
2025-02-19 18:23:51,591 stolpe rpc on
2025-02-20 08:39:05,643 vedbod switch:0 off
2025-02-20 08:39:05,700 garage switch:0 off
2025-02-20 09:49:30,395 stolpe switch:0 off
2025-02-20 09:50:38,054 vedbod switch:0 off
2025-02-20 09:50:38,061 garage switch:0 off
2025-02-20 09:50:55,512 stolpe switch:0 off
2025-02-20 10:19:22,126 stolpe switch:0 off
2025-02-20 10:19:22,135 stolpe rpc off
2025-02-20 11:17:28,980 vedbod switch:0 off
2025-02-20 11:17:28,984 garage switch:0 off
2025-02-20 11:17:35,499 stolpe switch:0 off
2025-02-20 14:17:29,783 vedbod switch:0 off
2025-02-20 14:17:29,788 garage switch:0 off
2025-02-20 15:50:06,944 stolpe switch:0 off
2025-02-20 20:41:47,210 vedbod switch:0 off
2025-02-20 20:41:47,217 stolpe switch:0 off
2025-02-20 20:41:47,631 garage switch:0 off
2025-02-20 22:05:08,156 stolpe rpc off
2025-02-21 03:17:29,302 stolpe switch:0 off
2025-02-21 03:17:29,357 vedbod switch:0 off
2025-02-21 03:17:29,361 garage switch:0 off
2025-02-21 06:40:00,052 stolpe rpc on
2025-02-21 06:40:00,055 stolpe switch:0 on
2025-02-21 06:23:17,505 stolpe switch:0 on
2025-02-21 06:23:17,531 vedbod switch:0 off
2025-02-21 06:23:17,545 garage switch:0 off
2025-02-21 08:35:50,863 vedbod switch:0 off
2025-02-21 08:35:50,869 stolpe switch:0 on
2025-02-21 08:35:50,873 garage switch:0 off
2025-02-21 08:35:52,706 stolpe switch:0 off
2025-02-21 08:35:52,708 stolpe rpc off
2025-02-21 12:39:06,519 stolpe switch:0 off
2025-02-21 12:39:06,575 vedbod switch:0 off
2025-02-21 12:39:06,580 garage switch:0 off
2025-02-21 18:25:44,304 vedbod switch:0 on
2025-02-21 18:25:44,311 garage switch:0 off
2025-02-21 18:25:44,322 stolpe switch:0 on
2025-02-21 21:00:00,048 vedbod rpc off
2025-02-21 21:00:00,055 stolpe rpc off
2025-02-21 21:00:00,059 vedbod switch:0 off
2025-02-21 21:00:00,063 stolpe switch:0 off
2025-02-21 21:27:34,807 stolpe rpc off
2025-02-21 21:27:34,847 stolpe switch:0 off
2025-02-22 04:36:47,833 vedbod switch:0 off
2025-02-22 04:36:47,837 stolpe switch:0 off
2025-02-22 04:36:47,839 garage switch:0 off
2025-02-22 07:05:41,044 stolpe switch:0 off
2025-02-22 07:05:41,069 stolpe rpc off
2025-02-22 11:17:28,804 vedbod switch:0 off
2025-02-22 11:17:28,814 stolpe switch:0 off
2025-02-22 11:17:29,222 garage switch:0 off
2025-02-22 12:42:46,006 stolpe rpc off
2025-08-25 19:50:30,469 garage switch:0 off
2025-08-25 19:50:32,543 stolpe switch:0 off
2025-08-25 19:55:04,985 garage rpc on
2025-08-25 19:55:10,615 stolpe switch:0 on
2025-08-25 19:55:10,619 stolpe rpc on
2025-08-25 19:55:10,640 stolpe switch:0 on
2025-08-25 19:55:10,644 stolpe switch:0 on
2025-08-25 19:55:10,666 stolpe rpc off
2025-08-25 19:55:10,689 stolpe rpc on
2025-08-25 19:55:12,454 garage rpc off
2025-08-25 19:55:17,840 stolpe switch:0 off
2025-08-25 19:55:17,861 stolpe rpc off
2025-08-25 19:55:43,186 garage rpc on
2025-08-25 19:55:49,577 garage rpc off
2025-08-25 19:55:52,965 stolpe switch:0 on
2025-08-25 19:55:52,970 stolpe rpc on
2025-08-25 19:55:52,984 stolpe switch:0 on
2025-08-25 19:55:52,988 stolpe switch:0 on
2025-08-25 19:55:53,009 stolpe rpc off
2025-08-25 19:55:53,031 stolpe rpc on
2025-08-25 19:55:58,503 stolpe switch:0 off
2025-08-25 19:55:58,524 stolpe rpc off
